{
    "Pipeline": [
        {
            "OrchestrationPipelineName": "Base-Orchestration-Horizon-IME-Pipeline",
            "ActivityPipelineName": "Activity-Xml-DataLake-Parquet-DataLake-Copy-Pipeline",
            "ModelContainer": "model",
            "InputValues": {
                "SourceContainer": "skyworksdatalake",
                "DataSource": "xml",
                "SourceSchema": "media",
                "IngestTable": "Products_Pricing_XML",
                "TargetContainer": "skyworksdatalake",
                "DataTarget": "enhance",
                "TargetSchema": "media",
                "ModelTable": "ProductsPricingXml",
                "EnhanceConfig": "ProductDataSheetLink",
                "mapping": {
                    "type": "TabularTranslator",
                    "mappings": [
                        {
                            "source": {
                                "path": "['Title']"
                            },
                            "sink": {
                                "name": "Title",
                                "type": "String"
                            }
                        },
                        {
                            "source": {
                                "path": "['ProductUrl']"
                            },
                            "sink": {
                                "name": "Link"
                            }
                        },
                        {
                            "source": {
                                "path": "['DataSheets']"
                            },
                            "sink": {
                                "name": "Comments",
                                "type": "String"
                            }
                        },
                        {
                            "source": {
                                "path": "['EVBImageURL']"
                            },
                            "sink": {
                                "name": "EVB-image",
                                "type": "String"
                            }
                        },
                        {
                            "source": {
                                "path": "['Images']"
                            },
                            "sink": {
                                "name": "Product-image",
                                "type": "String"
                            }
                        }
                    ],
                    "collectionReference": "$['Products']['Product']"
                }
            }
        }
    ]
}