{
	"name": "SAP_QAS",
	"type": "Microsoft.DataFactory/factories/linkedservices",
	"properties": {
		"annotations": [],
		"type": "SapTable",
		"typeProperties": {
			"clientId": "017",
			"language": "EN",
			"sncMode": false,
			"userName": "cubeware",
			"password": {
				"type": "AzureKeyVaultSecret",
				"store": {
					"referenceName": "KV",
					"type": "LinkedServiceReference"
				},
				"secretName": "SAP-Password"
			},
			"messageServer": "sapqasascs.ad.skynet",
			"messageServerService": "3600",
			"systemId": "QAS",
			"logonGroup": "QAS"
		},
		"connectVia": {
			"referenceName": "ir-entdatadev",
			"type": "IntegrationRuntimeReference"
		}
	}
}