{
	"name": "SQL_Skyworks_ODS",
	"properties": {
		"annotations": [],
		"type": "AzureSqlMI",
		"typeProperties": {
			"connectionString": "Integrated Security=False;Encrypt=True;Connection Timeout=30;Data Source=db-usw2-entdataqas-01.public.63f565de610b.database.windows.net,3342;Initial Catalog=Skyworks_ODS;User ID=sqls_srv",
			"password": {
				"type": "AzureKeyVaultSecret",
				"store": {
					"referenceName": "KV",
					"type": "LinkedServiceReference"
				},
				"secretName": "SQL-Password"
			}
		},
		"connectVia": {
			"referenceName": "ir-entdatadev",
			"type": "IntegrationRuntimeReference"
		}
	},
	"type": "Microsoft.DataFactory/factories/linkedservices"
}