{
    "table": [
        {
            "DataSource": "LIBECCRTP",
            "Schema": "sap",
            "Table": "MARA",
            "TableType": "Dim",
            "DependentFor": [
                ""
            ]
        },
        {
            "DataSource": "LIBECCRTP",
            "Schema": "sap",
            "Table": "MARC",
            "TableType": "Dim",
            "DependentFor": [
                ""
            ]
        },
        {
            "DataSource": "Skyworks_ODS",
            "Schema": "sap",
            "Table": "ZV_MD_MARA_MAKT",
            "TableType": "Dim",
            "DependentFor": [
                ""
            ]
        },
        {
            "DataSource": "LIBECCRTP",
            "Schema": "sap",
            "Table": "MVKE",
            "TableType": "Dim",
            "DependentFor": [
                ""
            ]
        },
        {
            "DataSource": "LIBECCRTP",
            "Schema": "sap",
            "Table": "MAEX",
            "TableType": "Dim",
            "DependentFor": [
                ""
            ]
        }
    ]
}