{
    "table": [
        {
            "DataSource": "LIBECCRTP",
            "Schema": "sap",
            "Table": "T005T",
            "TableType": "Dim",
            "DependentFor": [
                ""
            ]
        },
        {
            "DataSource": "LIBECCRTP",
            "Schema": "sap",
            "Table": "TCURT",
            "TableType": "Dim",
            "DependentFor": [
                ""
            ]
        },
        {
            "DataSource": "Skyworks_ODS",
            "Schema": "sap",
            "Table": "T001W_BIW",
            "TableType": "Dim",
            "DependentFor": [
                ""
            ]
        },
        {
            "DataSource": "LIBECCRTP",
            "Schema": "sap",
            "Table": "TVAKT",
            "TableType": "Dim",
            "DependentFor": [
                ""
            ]
        }
    ]
}