{
    "table": [
        {
            "DataSource": "LIBECCRTP",
            "Schema": "misc",
            "Table": "MasterDataUpdateFullLoads_SP",
            "TableType": "Dim",
            "DependentFor": [
                ""
            ]
        },
        {
            "DataSource": "LIBECCRTP",
            "Schema": "sap",
            "Table": "KNKK",
            "TableType": "Dim",
            "DependentFor": [
                ""
            ]
        },
        {
            "DataSource": "LIBECCRTP",
            "Schema": "sap",
            "Table": "TCURF",
            "TableType": "Dim",
            "DependentFor": [
                ""
            ]
        },
        {
            "DataSource": "xml",
            "Schema": "media/ingest",
            "Table": "Products_Pricing_XML",
            "TableType": "Dim",
            "DependentFor": [
                ""
            ]
        }
    ]
}