{
    "table": [
        {
            "DataSource": "LIBECCRTP",
            "Schema": "sap",
            "Table": "EORD",
            "TableType": "Dim",
            "DependentFor": [
                ""
            ]
        },
        {
            "DataSource": "LIBECCRTP",
            "Schema": "sap",
            "Table": "EQUK_EQUP",
            "TableType": "Dim",
            "DependentFor": [
                ""
            ]
        },
        {
            "DataSource": "LIBECCRTP",
            "Schema": "sap",
            "Table": "AEOI",
            "TableType": "Dim",
            "DependentFor": [
                ""
            ]
        },
        {
            "DataSource": "LIBECCRTP",
            "Schema": "sap",
            "Table": "LFA1",
            "TableType": "Dim",
            "DependentFor": [
                ""
            ]
        },
        {
            "DataSource": "LIBECCRTP",
            "Schema": "sap",
            "Table": "MKAL",
            "TableType": "Dim",
            "DependentFor": [
                ""
            ]
        },
        {
            "DataSource": "LIBECCRTP",
            "Schema": "sd",
            "Table": "udpNewMaterialFromSkyQuote",
            "TableType": "Dim",
            "DependentFor": [
                ""
            ]
        },
        {
            "DataSource": "LIBECCRTP",
            "Schema": "misc",
            "Table": "MasterDataUpdate_SP",
            "TableType": "Dim",
            "DependentFor": [
                ""
            ]
        }
    ]
}