{
    "table": [
        {
            "DataSource": "LIBECCRTP",
            "Schema": "sap",
            "Table": "T006",
            "TableType": "Dim",
            "DependentFor": [
                ""
            ]
        },
        {
            "DataSource": "LIBECCRTP",
            "Schema": "sap",
            "Table": "T006A",
            "TableType": "Dim",
            "DependentFor": [
                ""
            ]
        },
        {
            "DataSource": "LIBECCRTP",
            "Schema": "sap",
            "Table": "KNMT",
            "TableType": "Dim",
            "DependentFor": [
                ""
            ]
        },
        {
            "DataSource": "LIBECCRTP",
            "Schema": "sap",
            "Table": "LFA1",
            "TableType": "Dim",
            "DependentFor": [
                ""
            ]
        },
        {
            "DataSource": "LIBECCRTP",
            "Schema": "sap",
            "Table": "EORD",
            "TableType": "Dim",
            "DependentFor": [
                ""
            ]
        },
        {
            "DataSource": "LIBECCRTP",
            "Schema": "sap",
            "Table": "MARM",
            "TableType": "Dim",
            "DependentFor": [
                ""
            ]
        },
        {
            "DataSource": "LIBECCRTP",
            "Schema": "sap",
            "Table": "CABN",
            "TableType": "Dim",
            "DependentFor": [
                ""
            ]
        },
        {
            "DataSource": "Skyworks_ODS",
            "Schema": "sap",
            "Table": "ZV_MD_CHAR_VALUE",
            "TableType": "Dim",
            "DependentFor": [
                ""
            ]
        },
        {
            "DataSource": "Skyworks_ODS",
            "Schema": "sap",
            "Table": "ZV_MD_MARA_MAKT",
            "TableType": "Dim",
            "DependentFor": [
                ""
            ]
        },
        {
            "DataSource": "LIBECCRTP",
            "Schema": "sap",
            "Table": "LFB1",
            "TableType": "Dim",
            "DependentFor": [
                ""
            ]
        },
        {
            "DataSource": "LIBECCRTP",
            "Schema": "sap",
            "Table": "T024D",
            "TableType": "Dim",
            "DependentFor": [
                ""
            ]
        },
        {
            "DataSource": "LIBECCRTP",
            "Schema": "sap",
            "Table": "T024",
            "TableType": "Dim",
            "DependentFor": [
                ""
            ]
        },
        {
            "DataSource": "LIBECCRTP",
            "Schema": "sap",
            "Table": "LFM1",
            "TableType": "Dim",
            "DependentFor": [
                ""
            ]
        },
        {
            "DataSource": "LIBECCRTP",
            "Schema": "sap",
            "Table": "QMAT",
            "TableType": "Dim",
            "DependentFor": [
                ""
            ]
        }
    ]
}