{
	"name": "Activity-Execute-Post-Processing-StoredProcedure-Pipeline",
	"properties": {
		"activities": [
			{
				"name": "Set Post Processing Index",
				"type": "SetVariable",
				"dependsOn": [],
				"userProperties": [],
				"typeProperties": {
					"variableName": "Index",
					"value": "0"
				}
			},
			{
				"name": "Set Post Repeat condition",
				"description": "1",
				"type": "SetVariable",
				"dependsOn": [
					{
						"activity": "Set Post Processing Index",
						"dependencyConditions": [
							"Succeeded"
						]
					}
				],
				"userProperties": [],
				"typeProperties": {
					"variableName": "Repeat",
					"value": "1"
				}
			},
			{
				"name": "Set Post Processing Array Length",
				"type": "SetVariable",
				"dependsOn": [
					{
						"activity": "Set Post Repeat condition",
						"dependencyConditions": [
							"Succeeded"
						]
					}
				],
				"userProperties": [],
				"typeProperties": {
					"variableName": "ArrayLength",
					"value": {
						"value": "@string(length(pipeline().parameters.PostProcessingObject.Procedures))",
						"type": "Expression"
					}
				}
			},
			{
				"name": "Set Post Processing Temp var",
				"type": "SetVariable",
				"dependsOn": [
					{
						"activity": "Set Post Processing Array Length",
						"dependencyConditions": [
							"Succeeded"
						]
					}
				],
				"userProperties": [],
				"typeProperties": {
					"variableName": "Temp",
					"value": "0"
				}
			},
			{
				"name": "For Each Post Processing Scripts",
				"type": "Until",
				"dependsOn": [
					{
						"activity": "Set Post Processing Temp var",
						"dependencyConditions": [
							"Succeeded"
						]
					}
				],
				"userProperties": [],
				"typeProperties": {
					"expression": {
						"value": "@or(equals(int(variables('Index')), int(variables('ArrayLength'))),equals('0',string(variables('Repeat'))))",
						"type": "Expression"
					},
					"activities": [
						{
							"name": "Set Processing Temp as Index",
							"type": "SetVariable",
							"dependsOn": [],
							"userProperties": [],
							"typeProperties": {
								"variableName": "Temp",
								"value": {
									"value": "@variables('Index')",
									"type": "Expression"
								}
							}
						},
						{
							"name": "Switch Stored Procedure",
							"type": "Switch",
							"dependsOn": [
								{
									"activity": "Set Processing Temp as Index",
									"dependencyConditions": [
										"Succeeded"
									]
								}
							],
							"userProperties": [
								{
									"name": "Value",
									"value": "@concat(pipeline().parameters.PostProcessingObject.Procedures[int(variables('Index'))].StoredProcedureSchema,'_',pipeline().parameters.PostProcessingObject.Procedures[int(variables('Index'))].StoredProcedureName)"
								}
							],
							"typeProperties": {
								"on": {
									"value": "@concat(pipeline().parameters.PostProcessingObject.Procedures[int(variables('Index'))].StoredProcedureSchema,'_',pipeline().parameters.PostProcessingObject.Procedures[int(variables('Index'))].StoredProcedureName)",
									"type": "Expression"
								},
								"cases": [
									{
										"value": "dbo_udpTransferControl_Simple_AddRecord",
										"activities": [
											{
												"name": "Post Processing Simple AddDateRange SP Execution",
												"type": "SqlServerStoredProcedure",
												"dependsOn": [],
												"policy": {
													"timeout": "7.00:00:00",
													"retry": 0,
													"retryIntervalInSeconds": 30,
													"secureOutput": false,
													"secureInput": false
												},
												"userProperties": [],
												"typeProperties": {
													"storedProcedureName": "[dbo].[udpTransferControl_Simple_AddRecord]",
													"storedProcedureParameters": {
														"destinationTable": {
															"value": {
																"value": "@pipeline().parameters.AuditDestinationTable",
																"type": "Expression"
															},
															"type": "String"
														},
														"endDate": {
															"value": {
																"value": "@pipeline().parameters.InEndDate",
																"type": "Expression"
															},
															"type": "String"
														},
														"packageName": {
															"value": {
																"value": "@pipeline().parameters.PackageName",
																"type": "Expression"
															},
															"type": "String"
														},
														"packageStartDate": {
															"value": {
																"value": "@formatDateTime(convertFromUtc(pipeline().parameters.ScheduledTime,'Pacific Standard Time'), 'yyyy-MM-dd hh:mm:ss.fff')",
																"type": "Expression"
															},
															"type": "String"
														},
														"recordCount": {
															"value": {
																"value": "@pipeline().parameters.RecordCount",
																"type": "Expression"
															},
															"type": "Int32"
														},
														"sourceTable": {
															"value": {
																"value": "@pipeline().parameters.AuditSourceTable",
																"type": "Expression"
															},
															"type": "String"
														},
														"startDate": {
															"value": {
																"value": "@pipeline().parameters.InStartDate",
																"type": "Expression"
															},
															"type": "String"
														}
													}
												},
												"linkedServiceName": {
													"referenceName": "SQL_Skyworks_ODS",
													"type": "LinkedServiceReference"
												}
											}
										]
									},
									{
										"value": "sd_udpRealTimeBillingsArchive_Purge",
										"activities": [
											{
												"name": "GetFiscalPeriodDetails",
												"type": "Lookup",
												"dependsOn": [],
												"policy": {
													"timeout": "7.00:00:00",
													"retry": 0,
													"retryIntervalInSeconds": 30,
													"secureOutput": false,
													"secureInput": false
												},
												"userProperties": [],
												"typeProperties": {
													"source": {
														"type": "SqlMISource",
														"sqlReaderQuery": {
															"value": "@concat(\n'SELECT\n    CONVERT(varchar(10), FirstDate, 112) as FirstDate\n    ,CONVERT(varchar(10), LastDate, 112) as LastDate\nFROM\ndbo.udfGetFiscalPeriodDetails(-1*',pipeline().parameters.PostProcessingObject.QuartersToKeep,\n',',\n'''Q''',')'\n)",
															"type": "Expression"
														},
														"partitionOption": "None"
													},
													"dataset": {
														"referenceName": "Azure_SQL_DB_ODS_Dataset",
														"type": "DatasetReference",
														"parameters": {
															"SchemaName": " ",
															"TableName": " "
														}
													}
												}
											},
											{
												"name": "RealTime BillingsArchive Purge",
												"type": "SqlServerStoredProcedure",
												"dependsOn": [
													{
														"activity": "GetFiscalPeriodDetails",
														"dependencyConditions": [
															"Succeeded"
														]
													}
												],
												"policy": {
													"timeout": "7.00:00:00",
													"retry": 0,
													"retryIntervalInSeconds": 30,
													"secureOutput": false,
													"secureInput": false
												},
												"userProperties": [],
												"typeProperties": {
													"storedProcedureName": "[sd].[udpRealTimeBillingsArchive_Purge]",
													"storedProcedureParameters": {
														"FirstDate": {
															"value": {
																"value": "@activity('GetFiscalPeriodDetails').output.firstRow.FirstDate",
																"type": "Expression"
															},
															"type": "Int32"
														}
													}
												},
												"linkedServiceName": {
													"referenceName": "SQL_Skyworks_ODS",
													"type": "LinkedServiceReference"
												}
											}
										]
									},
									{
										"value": "dbo_udpTransferControl_Simple_AddRecord_Type_2",
										"activities": [
											{
												"name": "Post Processing Simple AddDateRange SP Type 2 Execution",
												"type": "SqlServerStoredProcedure",
												"dependsOn": [],
												"policy": {
													"timeout": "7.00:00:00",
													"retry": 0,
													"retryIntervalInSeconds": 30,
													"secureOutput": false,
													"secureInput": false
												},
												"userProperties": [],
												"typeProperties": {
													"storedProcedureName": "[dbo].[udpTransferControl_Simple_AddRecord_Type_2]",
													"storedProcedureParameters": {
														"destinationTable": {
															"value": {
																"value": "@pipeline().parameters.AuditDestinationTable",
																"type": "Expression"
															},
															"type": "String"
														},
														"packageName": {
															"value": {
																"value": "@pipeline().parameters.PackageName",
																"type": "Expression"
															},
															"type": "String"
														},
														"packageStartDate": {
															"value": {
																"value": "@formatDateTime(convertFromUtc(pipeline().parameters.ScheduledTime,'Pacific Standard Time'), 'yyyy-MM-dd hh:mm:ss.fff')",
																"type": "Expression"
															},
															"type": "String"
														},
														"recordCount": {
															"value": {
																"value": "@pipeline().parameters.RecordCount",
																"type": "Expression"
															},
															"type": "Int32"
														},
														"SourceDataStartChangeDate": {
															"value": {
																"value": "@pipeline().parameters.InStartDate",
																"type": "Expression"
															},
															"type": "String"
														},
														"SourceDataStartCreateDate": {
															"value": {
																"value": "@pipeline().parameters.InEndDate",
																"type": "Expression"
															},
															"type": "String"
														},
														"sourceTable": {
															"value": {
																"value": "@pipeline().parameters.AuditSourceTable",
																"type": "Expression"
															},
															"type": "String"
														}
													}
												},
												"linkedServiceName": {
													"referenceName": "SQL_Skyworks_ODS",
													"type": "LinkedServiceReference"
												}
											}
										]
									}
								],
								"defaultActivities": [
									{
										"name": "Post Processing SP Execution",
										"type": "SqlServerStoredProcedure",
										"dependsOn": [],
										"policy": {
											"timeout": "7.00:00:00",
											"retry": 0,
											"retryIntervalInSeconds": 30,
											"secureOutput": false,
											"secureInput": false
										},
										"userProperties": [],
										"typeProperties": {
											"storedProcedureName": {
												"value": "@concat(pipeline().parameters.PostProcessingObject.Procedures[int(variables('Index'))].StoredProcedureSchema,'.',pipeline().parameters.PostProcessingObject.Procedures[int(variables('Index'))].StoredProcedureName)",
												"type": "Expression"
											}
										},
										"linkedServiceName": {
											"referenceName": "SQL_Skyworks_ODS",
											"type": "LinkedServiceReference"
										}
									}
								]
							}
						},
						{
							"name": "Set Post Processing Array Index",
							"type": "SetVariable",
							"dependsOn": [
								{
									"activity": "Switch Stored Procedure",
									"dependencyConditions": [
										"Succeeded"
									]
								}
							],
							"userProperties": [],
							"typeProperties": {
								"variableName": "Index",
								"value": {
									"value": "@string(add(int(variables('Temp')),1))",
									"type": "Expression"
								}
							}
						},
						{
							"name": "Break Post Processing Loop",
							"type": "SetVariable",
							"dependsOn": [
								{
									"activity": "Switch Stored Procedure",
									"dependencyConditions": [
										"Failed"
									]
								}
							],
							"userProperties": [],
							"typeProperties": {
								"variableName": "Repeat",
								"value": "0"
							}
						}
					],
					"timeout": "7.00:00:00"
				}
			}
		],
		"parameters": {
			"PostProcessingObject": {
				"type": "object"
			},
			"PackageName": {
				"type": "string"
			},
			"ScheduledTime": {
				"type": "string"
			},
			"RecordCount": {
				"type": "int"
			},
			"AuditSourceTable": {
				"type": "string"
			},
			"AuditDestinationTable": {
				"type": "string"
			},
			"InStartDate": {
				"type": "string"
			},
			"InEndDate": {
				"type": "string"
			},
			"InPlantList": {
				"type": "string"
			}
		},
		"variables": {
			"Index": {
				"type": "String"
			},
			"ArrayLength": {
				"type": "String"
			},
			"Temp": {
				"type": "String"
			},
			"Repeat": {
				"type": "String"
			}
		},
		"folder": {
			"name": "Activity"
		},
		"annotations": [
			"@pipeline().parameters.AuditSourceTable"
		],
		"lastPublishTime": "2022-01-12T10:36:56Z"
	},
	"type": "Microsoft.DataFactory/factories/pipelines"
}