{
	"name": "Activity-ODS-ODS-Copy-Pipeline",
	"properties": {
		"activities": [
			{
				"name": "Copy From ODS To ODS",
				"type": "Copy",
				"dependsOn": [],
				"policy": {
					"timeout": "7.00:00:00",
					"retry": 0,
					"retryIntervalInSeconds": 30,
					"secureOutput": false,
					"secureInput": false
				},
				"userProperties": [
					{
						"name": "Source",
						"value": "@{pipeline().parameters.SourceSchema}.@{pipeline().parameters.SourceTable}"
					},
					{
						"name": "Destination",
						"value": "@{pipeline().parameters.TargetSchema}.@{pipeline().parameters.TargetTable}"
					}
				],
				"typeProperties": {
					"source": {
						"type": "SqlMISource",
						"sqlReaderQuery": {
							"value": "@if(\n    and(contains(pipeline().parameters.IngestQuery,'@today'),contains(pipeline().parameters.IngestQuery,'@plantList')),\n\treplace(replace(pipeline().parameters.IngestQuery,'@plantList',pipeline().parameters.OutPlantList),'@today',formatDateTime(convertFromUtc(pipeline().parameters.PackageStartDate,'Pacific Standard Time'), 'yyyyMMdd')),\n    if( contains(pipeline().parameters.IngestQuery,'@plantList'),\n\t\treplace(pipeline().parameters.IngestQuery,'@plantList',pipeline().parameters.OutPlantList),\n\t\tif(contains(pipeline().parameters.IngestQuery,'@today'),\n\t\t\treplace(pipeline().parameters.IngestQuery,'@today',formatDateTime(convertFromUtc(pipeline().parameters.PackageStartDate,'Pacific Standard Time'), 'yyyyMMdd')),\n\t\t\tif(\n\t\t\t\tand(contains(pipeline().parameters.IngestQuery,'@startDate'),contains(pipeline().parameters.IngestQuery,'@endDate')),\n\t\t\t\treplace(replace(pipeline().parameters.IngestQuery,'@startDate',pipeline().parameters.OutStartDate),'@endDate',pipeline().parameters.OutEndDate),\n\t\t\t\t\tif(contains(pipeline().parameters.IngestQuery,'@startDate'),\n\t\t\t\t\t\treplace(pipeline().parameters.IngestQuery,'@startDate',pipeline().parameters.OutStartDate),\n\t\t\t\t\t\t\tif(contains(pipeline().parameters.IngestQuery,'@endDate'),\n\t\t\t\t\t\t\t\treplace(pipeline().parameters.IngestQuery,'@endDate',pipeline().parameters.OutEndDate),\n\t\t\t\t\t\t\t\tpipeline().parameters.IngestQuery\n\t\t\t\t\t\t\t)\n\t\t\t\t\t)\n\t\t\t)\n\t\t)\n\t)\n)",
							"type": "Expression"
						},
						"queryTimeout": "02:00:00",
						"partitionOption": "None"
					},
					"sink": {
						"type": "SqlMISink",
						"preCopyScript": {
							"value": "@{pipeline().parameters.PreCopyScript}",
							"type": "Expression"
						},
						"disableMetricsCollection": false
					},
					"enableStaging": false,
					"translator": {
						"type": "TabularTranslator",
						"typeConversion": true,
						"typeConversionSettings": {
							"allowDataTruncation": true,
							"treatBooleanAsNumber": false
						}
					}
				},
				"inputs": [
					{
						"referenceName": "Azure_SQL_DB_ODS_Dataset",
						"type": "DatasetReference",
						"parameters": {
							"SchemaName": {
								"value": "@pipeline().parameters.SourceSchema",
								"type": "Expression"
							},
							"TableName": {
								"value": "@pipeline().parameters.SourceTable",
								"type": "Expression"
							}
						}
					}
				],
				"outputs": [
					{
						"referenceName": "Azure_SQL_DB_ODS_Dataset",
						"type": "DatasetReference",
						"parameters": {
							"SchemaName": {
								"value": "@pipeline().parameters.TargetSchema",
								"type": "Expression"
							},
							"TableName": {
								"value": "@pipeline().parameters.TargetTable",
								"type": "Expression"
							}
						}
					}
				]
			},
			{
				"name": "Check If Post Processing is Empty",
				"type": "IfCondition",
				"dependsOn": [
					{
						"activity": "Copy From ODS To ODS",
						"dependencyConditions": [
							"Succeeded"
						]
					}
				],
				"userProperties": [],
				"typeProperties": {
					"expression": {
						"value": "@empty(pipeline().parameters.PostProcessingScript)",
						"type": "Expression"
					},
					"ifFalseActivities": [
						{
							"name": "Execute Post Processing Scripts",
							"type": "ExecutePipeline",
							"dependsOn": [],
							"userProperties": [],
							"typeProperties": {
								"pipeline": {
									"referenceName": "Activity-Execute-Post-Processing-StoredProcedure-Pipeline",
									"type": "PipelineReference"
								},
								"waitOnCompletion": true,
								"parameters": {
									"PostProcessingObject": {
										"value": "@pipeline().parameters.PostProcessingScript",
										"type": "Expression"
									},
									"PackageName": {
										"value": "@pipeline().parameters.PackageName",
										"type": "Expression"
									},
									"ScheduledTime": {
										"value": "@pipeline().parameters.PackageStartDate",
										"type": "Expression"
									},
									"RecordCount": {
										"value": "@int(activity('Copy From ODS To ODS').output.rowsCopied)",
										"type": "Expression"
									},
									"AuditSourceTable": {
										"value": "@pipeline().parameters.AuditSourceTable",
										"type": "Expression"
									},
									"AuditDestinationTable": {
										"value": "@pipeline().parameters.AuditDestinationTable",
										"type": "Expression"
									},
									"InStartDate": {
										"value": "@pipeline().parameters.OutStartDate",
										"type": "Expression"
									},
									"InEndDate": {
										"value": "@pipeline().parameters.OutEndDate",
										"type": "Expression"
									},
									"InPlantList": {
										"value": "@pipeline().parameters.OutPlantList",
										"type": "Expression"
									}
								}
							}
						}
					]
				}
			}
		],
		"parameters": {
			"SourceSchema": {
				"type": "string"
			},
			"SourceTable": {
				"type": "string"
			},
			"PreCopyScript": {
				"type": "string"
			},
			"TargetSchema": {
				"type": "string"
			},
			"TargetTable": {
				"type": "string"
			},
			"PostProcessingScript": {
				"type": "object"
			},
			"PackageStartDate": {
				"type": "string"
			},
			"PackageName": {
				"type": "string"
			},
			"IngestQuery": {
				"type": "string"
			},
			"AuditSourceTable": {
				"type": "string"
			},
			"AuditDestinationTable": {
				"type": "string"
			},
			"OutStartDate": {
				"type": "string"
			},
			"OutEndDate": {
				"type": "string"
			},
			"OutPlantList": {
				"type": "string"
			}
		},
		"folder": {
			"name": "Activity"
		},
		"annotations": [
			"@pipeline().parameters.AuditSourceTable"
		],
		"lastPublishTime": "2022-01-12T10:36:58Z"
	},
	"type": "Microsoft.DataFactory/factories/pipelines"
}