{
	"name": "Activity-DataLake-DataLake-Copy-Pipeline",
	"properties": {
		"description": "Copy files from one data lake storage directory to another",
		"activities": [
			{
				"name": "Copy parquet files",
				"type": "Copy",
				"dependsOn": [],
				"policy": {
					"timeout": "7.00:00:00",
					"retry": 0,
					"retryIntervalInSeconds": 30,
					"secureOutput": false,
					"secureInput": false
				},
				"userProperties": [
					{
						"name": "Source",
						"value": "@{pipeline().parameters.SourceContainer}/@{pipeline().parameters.SourceFilePath}/@{concat(pipeline().parameters.SourceFileName,'.parquet')}"
					},
					{
						"name": "Destination",
						"value": "@{pipeline().parameters.TargetContainer}/@{pipeline().parameters.TargetFilePath}/@{concat(pipeline().parameters.TargetFileName,'.parquet')}"
					}
				],
				"typeProperties": {
					"source": {
						"type": "ParquetSource",
						"storeSettings": {
							"type": "AzureBlobFSReadSettings",
							"recursive": true,
							"enablePartitionDiscovery": false
						}
					},
					"sink": {
						"type": "ParquetSink",
						"storeSettings": {
							"type": "AzureBlobFSWriteSettings"
						},
						"formatSettings": {
							"type": "ParquetWriteSettings"
						}
					},
					"enableStaging": false,
					"translator": {
						"type": "TabularTranslator",
						"typeConversion": true,
						"typeConversionSettings": {
							"allowDataTruncation": true,
							"treatBooleanAsNumber": false
						}
					}
				},
				"inputs": [
					{
						"referenceName": "Parquet_Dataset",
						"type": "DatasetReference",
						"parameters": {
							"ContainerName": {
								"value": "@pipeline().parameters.SourceContainer",
								"type": "Expression"
							},
							"FilePath": {
								"value": "@pipeline().parameters.SourceFilePath",
								"type": "Expression"
							},
							"FileName": {
								"value": "@concat(pipeline().parameters.SourceFileName,'.parquet')",
								"type": "Expression"
							}
						}
					}
				],
				"outputs": [
					{
						"referenceName": "Parquet_Dataset",
						"type": "DatasetReference",
						"parameters": {
							"ContainerName": {
								"value": "@pipeline().parameters.TargetContainer",
								"type": "Expression"
							},
							"FilePath": {
								"value": "@pipeline().parameters.TargetFilePath",
								"type": "Expression"
							},
							"FileName": {
								"value": "@concat(pipeline().parameters.TargetFileName,'.parquet')",
								"type": "Expression"
							}
						}
					}
				]
			}
		],
		"parameters": {
			"SourceContainer": {
				"type": "string"
			},
			"SourceFilePath": {
				"type": "string"
			},
			"SourceFileName": {
				"type": "string"
			},
			"TargetContainer": {
				"type": "string"
			},
			"TargetFilePath": {
				"type": "string"
			},
			"TargetFileName": {
				"type": "string"
			}
		},
		"folder": {
			"name": "Activity"
		},
		"annotations": [],
		"lastPublishTime": "2022-01-12T10:36:57Z"
	},
	"type": "Microsoft.DataFactory/factories/pipelines"
}