{
	"name": "Activity-DataLake-AzureSQL-Copy-Pipeline",
	"properties": {
		"description": "Copy .parquet generated files from data lake storage to sql db",
		"activities": [
			{
				"name": "Copy parquet files to Temp Azure SQL Table",
				"type": "Copy",
				"dependsOn": [],
				"policy": {
					"timeout": "7.00:00:00",
					"retry": 0,
					"retryIntervalInSeconds": 30,
					"secureOutput": false,
					"secureInput": false
				},
				"userProperties": [
					{
						"name": "Source",
						"value": "@{pipeline().parameters.SourceContainer}/@{pipeline().parameters.SourceFilePath}/@{concat(pipeline().parameters.SourceFileName,'.parquet')}"
					},
					{
						"name": "Destination",
						"value": "@{pipeline().parameters.TempTargetSchema}.@{pipeline().parameters.TempTargetTableName}"
					}
				],
				"typeProperties": {
					"source": {
						"type": "ParquetSource",
						"storeSettings": {
							"type": "AzureBlobFSReadSettings",
							"recursive": false,
							"enablePartitionDiscovery": false
						}
					},
					"sink": {
						"type": "AzureSqlSink",
						"preCopyScript": {
							"value": "@{pipeline().parameters.PreCopyScript}",
							"type": "Expression"
						},
						"disableMetricsCollection": false
					},
					"enableStaging": false
				},
				"inputs": [
					{
						"referenceName": "Parquet_Dataset",
						"type": "DatasetReference",
						"parameters": {
							"ContainerName": {
								"value": "@pipeline().parameters.SourceContainer",
								"type": "Expression"
							},
							"FilePath": {
								"value": "@pipeline().parameters.SourceFilePath",
								"type": "Expression"
							},
							"FileName": {
								"value": "@concat(pipeline().parameters.SourceFileName,'.parquet')",
								"type": "Expression"
							}
						}
					}
				],
				"outputs": [
					{
						"referenceName": "Azure_SQL_DB_ODS_Dataset",
						"type": "DatasetReference",
						"parameters": {
							"SchemaName": {
								"value": "@pipeline().parameters.TempTargetSchema",
								"type": "Expression"
							},
							"TableName": {
								"value": "@pipeline().parameters.TempTargetTableName",
								"type": "Expression"
							}
						}
					}
				]
			}
		],
		"parameters": {
			"SourceContainer": {
				"type": "string"
			},
			"SourceFilePath": {
				"type": "string"
			},
			"SourceFileName": {
				"type": "string"
			},
			"TempTargetSchema": {
				"type": "string"
			},
			"TempTargetTableName": {
				"type": "string"
			},
			"PreCopyScript": {
				"type": "string"
			},
			"MappingConfig": {
				"type": "object"
			}
		},
		"folder": {
			"name": "Activity"
		},
		"annotations": [],
		"lastPublishTime": "2022-01-12T10:36:57Z"
	},
	"type": "Microsoft.DataFactory/factories/pipelines"
}