{
	"name": "Activity-Http-DataLake-Copy-Pipeline",
	"properties": {
		"description": "Download and store the url content as-is to a data lake storage.",
		"activities": [
			{
				"name": "Download Http data to Data Lake",
				"description": "Source file - binary\nSink file- binary",
				"type": "Copy",
				"dependsOn": [],
				"policy": {
					"timeout": "7.00:00:00",
					"retry": 0,
					"retryIntervalInSeconds": 30,
					"secureOutput": false,
					"secureInput": false
				},
				"userProperties": [
					{
						"name": "Source",
						"value": "https://www.skyworksinc.com/media/@{pipeline().parameters.RelativeURL}"
					},
					{
						"name": "Destination",
						"value": "@{pipeline().parameters.IngestContainer}/@{pipeline().parameters.IngestPath}/@{concat(pipeline().parameters.IngestTable,'.xml')}"
					}
				],
				"typeProperties": {
					"source": {
						"type": "BinarySource",
						"storeSettings": {
							"type": "HttpReadSettings",
							"requestMethod": "GET"
						},
						"formatSettings": {
							"type": "BinaryReadSettings"
						}
					},
					"sink": {
						"type": "BinarySink",
						"storeSettings": {
							"type": "AzureBlobFSWriteSettings"
						}
					},
					"enableStaging": false
				},
				"inputs": [
					{
						"referenceName": "Http_Server_Dataset",
						"type": "DatasetReference",
						"parameters": {
							"RelativeURL": {
								"value": "@pipeline().parameters.RelativeURL",
								"type": "Expression"
							}
						}
					}
				],
				"outputs": [
					{
						"referenceName": "DataLake_Binary_Dataset",
						"type": "DatasetReference",
						"parameters": {
							"ContainerName": {
								"value": "@pipeline().parameters.IngestContainer",
								"type": "Expression"
							},
							"FilePath": {
								"value": "@pipeline().parameters.IngestPath",
								"type": "Expression"
							},
							"FileName": {
								"value": "@concat(pipeline().parameters.IngestTable,'.xml')",
								"type": "Expression"
							}
						}
					}
				]
			}
		],
		"parameters": {
			"RelativeURL": {
				"type": "string"
			},
			"IngestContainer": {
				"type": "string"
			},
			"IngestPath": {
				"type": "string"
			},
			"IngestTable": {
				"type": "string"
			}
		},
		"folder": {
			"name": "Activity"
		},
		"annotations": [],
		"lastPublishTime": "2022-01-12T10:36:57Z"
	},
	"type": "Microsoft.DataFactory/factories/pipelines"
}