{
	"name": "Activity-Execute-Pre-Processing-StoredProcedure-Pipeline",
	"properties": {
		"activities": [
			{
				"name": "Set Pre Processing Index",
				"type": "SetVariable",
				"dependsOn": [],
				"userProperties": [],
				"typeProperties": {
					"variableName": "Index",
					"value": "0"
				}
			},
			{
				"name": "Set Pre Repeat condition",
				"description": "1",
				"type": "SetVariable",
				"dependsOn": [
					{
						"activity": "Set Pre Processing Index",
						"dependencyConditions": [
							"Succeeded"
						]
					}
				],
				"userProperties": [],
				"typeProperties": {
					"variableName": "Repeat",
					"value": "1"
				}
			},
			{
				"name": "Set Pre Processing Array Length",
				"type": "SetVariable",
				"dependsOn": [
					{
						"activity": "Set Pre Repeat condition",
						"dependencyConditions": [
							"Succeeded"
						]
					}
				],
				"userProperties": [],
				"typeProperties": {
					"variableName": "ArrayLength",
					"value": {
						"value": "@string(length(pipeline().parameters.PreProcessingObject.Procedures))",
						"type": "Expression"
					}
				}
			},
			{
				"name": "Set Pre Processing Temp var",
				"type": "SetVariable",
				"dependsOn": [
					{
						"activity": "Set Pre Processing Array Length",
						"dependencyConditions": [
							"Succeeded"
						]
					}
				],
				"userProperties": [],
				"typeProperties": {
					"variableName": "Temp",
					"value": "0"
				}
			},
			{
				"name": "For Each Pre Processing Scripts",
				"type": "Until",
				"dependsOn": [
					{
						"activity": "Set Pre Processing Temp var",
						"dependencyConditions": [
							"Succeeded"
						]
					}
				],
				"userProperties": [],
				"typeProperties": {
					"expression": {
						"value": "@or(equals(int(variables('Index')), int(variables('ArrayLength'))),equals('0',string(variables('Repeat'))))",
						"type": "Expression"
					},
					"activities": [
						{
							"name": "Set Pre Processing Temp as Index",
							"type": "SetVariable",
							"dependsOn": [],
							"userProperties": [],
							"typeProperties": {
								"variableName": "Temp",
								"value": {
									"value": "@variables('Index')",
									"type": "Expression"
								}
							}
						},
						{
							"name": "Switch Stored Procedure",
							"type": "Switch",
							"dependsOn": [
								{
									"activity": "Set Pre Processing Temp as Index",
									"dependencyConditions": [
										"Succeeded"
									]
								}
							],
							"userProperties": [
								{
									"name": "Value",
									"value": "@concat(pipeline().parameters.PreProcessingObject.Procedures[int(variables('Index'))].StoredProcedureSchema,'_',pipeline().parameters.PreProcessingObject.Procedures[int(variables('Index'))].StoredProcedureName)"
								}
							],
							"typeProperties": {
								"on": {
									"value": "@concat(pipeline().parameters.PreProcessingObject.Procedures[int(variables('Index'))].StoredProcedureSchema,'_',pipeline().parameters.PreProcessingObject.Procedures[int(variables('Index'))].StoredProcedureName)",
									"type": "Expression"
								},
								"cases": [
									{
										"value": "dbo_udpTransferControl_Simple_GetDateRange",
										"activities": [
											{
												"name": "Lookup Simple GetDate SP",
												"type": "Lookup",
												"dependsOn": [],
												"policy": {
													"timeout": "7.00:00:00",
													"retry": 0,
													"retryIntervalInSeconds": 30,
													"secureOutput": false,
													"secureInput": false
												},
												"userProperties": [],
												"typeProperties": {
													"source": {
														"type": "AzureSqlSource",
														"sqlReaderQuery": {
															"value": "@concat('declare @out1 [nchar](8), @out2[nchar](8);','exec [dbo].[udpTransferControl_Simple_GetDateRange] @packageName =',pipeline().parameters.PackageName,',@sourceTable =',pipeline().parameters.SourceTableName,',@startDate = @out1 output,@endDate = @out2 output;','select @out1 as startDate,@out2 as endDate;')",
															"type": "Expression"
														},
														"queryTimeout": "02:00:00",
														"partitionOption": "None"
													},
													"dataset": {
														"referenceName": "Azure_SQL_DB_ODS_Dataset",
														"type": "DatasetReference",
														"parameters": {
															"SchemaName": " ",
															"TableName": " "
														}
													}
												}
											},
											{
												"name": "Set startDate",
												"type": "SetVariable",
												"dependsOn": [
													{
														"activity": "Lookup Simple GetDate SP",
														"dependencyConditions": [
															"Succeeded"
														]
													}
												],
												"userProperties": [],
												"typeProperties": {
													"variableName": "StartDate",
													"value": {
														"value": "@activity('Lookup Simple GetDate SP').output.firstRow.startDate",
														"type": "Expression"
													}
												}
											},
											{
												"name": "Set endDate",
												"type": "SetVariable",
												"dependsOn": [
													{
														"activity": "Lookup Simple GetDate SP",
														"dependencyConditions": [
															"Succeeded"
														]
													}
												],
												"userProperties": [],
												"typeProperties": {
													"variableName": "EndDate",
													"value": {
														"value": "@activity('Lookup Simple GetDate SP').output.firstRow.endDate",
														"type": "Expression"
													}
												}
											}
										]
									},
									{
										"value": "dbo_udpXtractIS_GetListOfActivePlantsForWhereClauseWithoutLeadingTrailingQuotes",
										"activities": [
											{
												"name": "Lookup GetListOfActivePlants SP",
												"type": "Lookup",
												"dependsOn": [],
												"policy": {
													"timeout": "7.00:00:00",
													"retry": 0,
													"retryIntervalInSeconds": 30,
													"secureOutput": false,
													"secureInput": false
												},
												"userProperties": [],
												"typeProperties": {
													"source": {
														"type": "SqlMISource",
														"sqlReaderQuery": {
															"value": "@concat('declare @out [nvarchar](1000);','exec [dbo].[udpXtractIS_GetListOfActivePlantsForWhereClauseWithoutLeadingTrailingQuotes] @plantList = @out output;','select char(39) + @out+ char(39)  as plantList;')",
															"type": "Expression"
														},
														"partitionOption": "None"
													},
													"dataset": {
														"referenceName": "Azure_SQL_DB_ODS_Dataset",
														"type": "DatasetReference",
														"parameters": {
															"SchemaName": " ",
															"TableName": " "
														}
													}
												}
											},
											{
												"name": "Set PlantList",
												"type": "SetVariable",
												"dependsOn": [
													{
														"activity": "Lookup GetListOfActivePlants SP",
														"dependencyConditions": [
															"Succeeded"
														]
													}
												],
												"userProperties": [],
												"typeProperties": {
													"variableName": "PlantList",
													"value": {
														"value": "@activity('Lookup GetListOfActivePlants SP').output.firstRow.plantList",
														"type": "Expression"
													}
												}
											}
										]
									},
									{
										"value": "sd_udpRealTimeBillingsArchive_VerifyData",
										"activities": [
											{
												"name": "GetFiscalPeriodDetails",
												"type": "Lookup",
												"dependsOn": [],
												"policy": {
													"timeout": "7.00:00:00",
													"retry": 0,
													"retryIntervalInSeconds": 30,
													"secureOutput": false,
													"secureInput": false
												},
												"userProperties": [],
												"typeProperties": {
													"source": {
														"type": "SqlMISource",
														"sqlReaderQuery": "SELECT\n    CONVERT(varchar(10), FirstDate, 112) as FirstDate\n    ,CONVERT(varchar(10), LastDate, 112) as LastDate\nFROM\ndbo.udfGetFiscalPeriodDetails(-1,'Q')",
														"partitionOption": "None"
													},
													"dataset": {
														"referenceName": "Azure_SQL_DB_ODS_Dataset",
														"type": "DatasetReference",
														"parameters": {
															"SchemaName": " ",
															"TableName": " "
														}
													}
												}
											},
											{
												"name": "RealTime BillingsArchive VerifyData",
												"type": "Lookup",
												"dependsOn": [
													{
														"activity": "GetFiscalPeriodDetails",
														"dependencyConditions": [
															"Succeeded"
														]
													}
												],
												"policy": {
													"timeout": "7.00:00:00",
													"retry": 0,
													"retryIntervalInSeconds": 30,
													"secureOutput": false,
													"secureInput": false
												},
												"userProperties": [],
												"typeProperties": {
													"source": {
														"type": "SqlMISource",
														"sqlReaderQuery": {
															"value": "@concat(\n'declare @out bit;',\n'EXEC sd.udpRealTimeBillingsArchive_VerifyData @FirstDate = ', activity('GetFiscalPeriodDetails').output.firstRow.FirstDate,\n',','@DataNotFound = @out OUTPUT;',\n'Select @out as DataNotFound')",
															"type": "Expression"
														},
														"partitionOption": "None"
													},
													"dataset": {
														"referenceName": "Azure_SQL_DB_ODS_Dataset",
														"type": "DatasetReference",
														"parameters": {
															"SchemaName": " ",
															"TableName": " "
														}
													}
												}
											},
											{
												"name": "Set DataNotFound",
												"type": "SetVariable",
												"dependsOn": [
													{
														"activity": "RealTime BillingsArchive VerifyData",
														"dependencyConditions": [
															"Succeeded"
														]
													}
												],
												"userProperties": [],
												"typeProperties": {
													"variableName": "DataNotFound",
													"value": {
														"value": "@string(activity('RealTime BillingsArchive VerifyData').output.firstRow.DataNotFound)",
														"type": "Expression"
													}
												}
											}
										]
									},
									{
										"value": "dbo_udpTransferControl_Simple_GetDateRange_Type_2",
										"activities": [
											{
												"name": "Lookup Simple GetDate SP Type 2",
												"description": "This look up is used to fetch the start and end dates for Names packages with newly created stored procedures",
												"type": "Lookup",
												"dependsOn": [],
												"policy": {
													"timeout": "7.00:00:00",
													"retry": 0,
													"retryIntervalInSeconds": 30,
													"secureOutput": false,
													"secureInput": false
												},
												"userProperties": [],
												"typeProperties": {
													"source": {
														"type": "SqlMISource",
														"sqlReaderStoredProcedureName": "[dbo].[udpTransferControl_Simple_GetDateRange_Type_2]",
														"storedProcedureParameters": {
															"packageName": {
																"type": "String",
																"value": {
																	"value": "@pipeline().parameters.PackageName",
																	"type": "Expression"
																}
															},
															"sourceTable": {
																"type": "String",
																"value": {
																	"value": "@pipeline().parameters.AuditSourceTable",
																	"type": "Expression"
																}
															}
														},
														"partitionOption": "None"
													},
													"dataset": {
														"referenceName": "Azure_SQL_DB_ODS_Dataset",
														"type": "DatasetReference",
														"parameters": {
															"SchemaName": " ",
															"TableName": " "
														}
													}
												}
											},
											{
												"name": "Set SourceDataStartChangeDate",
												"type": "SetVariable",
												"dependsOn": [
													{
														"activity": "Lookup Simple GetDate SP Type 2",
														"dependencyConditions": [
															"Succeeded"
														]
													}
												],
												"userProperties": [],
												"typeProperties": {
													"variableName": "StartDate",
													"value": {
														"value": "@activity('Lookup Simple GetDate SP Type 2').output.firstRow.SourceDataStartChangeDate",
														"type": "Expression"
													}
												}
											},
											{
												"name": "Set SourceDataStartCreateDate",
												"type": "SetVariable",
												"dependsOn": [
													{
														"activity": "Lookup Simple GetDate SP Type 2",
														"dependencyConditions": [
															"Succeeded"
														]
													}
												],
												"userProperties": [],
												"typeProperties": {
													"variableName": "EndDate",
													"value": {
														"value": "@activity('Lookup Simple GetDate SP Type 2').output.firstRow.SourceDataStartCreateDate",
														"type": "Expression"
													}
												}
											}
										]
									},
									{
										"value": "md_udpSAPCalendar",
										"activities": [
											{
												"name": "Execute stored procedure for MD - Update SAP Calendar",
												"type": "SqlServerStoredProcedure",
												"dependsOn": [],
												"policy": {
													"timeout": "7.00:00:00",
													"retry": 0,
													"retryIntervalInSeconds": 30,
													"secureOutput": false,
													"secureInput": false
												},
												"userProperties": [],
												"typeProperties": {
													"storedProcedureName": "[md].[udpSAPCalendar]",
													"storedProcedureParameters": {
														"offset": {
															"value": {
																"value": "@pipeline().parameters.PreProcessingObject.Offset",
																"type": "Expression"
															},
															"type": "Int32"
														}
													}
												},
												"linkedServiceName": {
													"referenceName": "SQL_Skyworks_ODS",
													"type": "LinkedServiceReference"
												}
											}
										]
									}
								],
								"defaultActivities": [
									{
										"name": "Pre Processing SP Execution",
										"type": "SqlServerStoredProcedure",
										"dependsOn": [],
										"policy": {
											"timeout": "7.00:00:00",
											"retry": 0,
											"retryIntervalInSeconds": 30,
											"secureOutput": false,
											"secureInput": false
										},
										"userProperties": [],
										"typeProperties": {
											"storedProcedureName": {
												"value": "@concat(pipeline().parameters.PreProcessingObject.Procedures[int(variables('Index'))].StoredProcedureSchema,'.',pipeline().parameters.PreProcessingObject.Procedures[int(variables('Index'))].StoredProcedureName)",
												"type": "Expression"
											}
										},
										"linkedServiceName": {
											"referenceName": "SQL_Skyworks_ODS",
											"type": "LinkedServiceReference"
										}
									}
								]
							}
						},
						{
							"name": "Set Pre Processing Array Index",
							"type": "SetVariable",
							"dependsOn": [
								{
									"activity": "Switch Stored Procedure",
									"dependencyConditions": [
										"Succeeded"
									]
								}
							],
							"userProperties": [],
							"typeProperties": {
								"variableName": "Index",
								"value": {
									"value": "@string(add(int(variables('Temp')),1))",
									"type": "Expression"
								}
							}
						},
						{
							"name": "Break Pre Processing Loop",
							"type": "SetVariable",
							"dependsOn": [
								{
									"activity": "Switch Stored Procedure",
									"dependencyConditions": [
										"Failed"
									]
								}
							],
							"userProperties": [],
							"typeProperties": {
								"variableName": "Repeat",
								"value": "0"
							}
						}
					],
					"timeout": "7.00:00:00"
				}
			},
			{
				"name": "Switch Data Flow Activity",
				"type": "Switch",
				"dependsOn": [
					{
						"activity": "For Each Pre Processing Scripts",
						"dependencyConditions": [
							"Succeeded"
						]
					}
				],
				"userProperties": [
					{
						"name": "Value",
						"value": "@pipeline().parameters.PipelineName"
					}
				],
				"typeProperties": {
					"on": {
						"value": "@if(equals(variables('DataNotFound'),'False'),pipeline().parameters.PipelineName,'')",
						"type": "Expression"
					},
					"cases": [
						{
							"value": "Activity-LIBECCRTP-ODS-Copy-Pipeline",
							"activities": [
								{
									"name": "Copy From LIBECCRTP To ODS",
									"description": "",
									"type": "ExecutePipeline",
									"dependsOn": [],
									"userProperties": [
										{
											"name": "Value",
											"value": "@pipeline().parameters.SourceTableName"
										}
									],
									"typeProperties": {
										"pipeline": {
											"referenceName": "Activity-LIBECCRTP-ODS-Copy-Pipeline",
											"type": "PipelineReference"
										},
										"waitOnCompletion": true,
										"parameters": {
											"SourceSchema": {
												"value": "@pipeline().parameters.SourceSchemaName",
												"type": "Expression"
											},
											"SourceTable": {
												"value": "@pipeline().parameters.SourceTableName",
												"type": "Expression"
											},
											"PreCopyScript": {
												"value": "@pipeline().parameters.PreCopyScript",
												"type": "Expression"
											},
											"TargetSchema": {
												"value": "@pipeline().parameters.TargetSchemaName",
												"type": "Expression"
											},
											"TargetTable": {
												"value": "@pipeline().parameters.TargetTableName",
												"type": "Expression"
											},
											"PostProcessingScript": {
												"value": "@pipeline().parameters.PostProcessingObject",
												"type": "Expression"
											},
											"PackageStartDate": {
												"value": "@pipeline().parameters.ScheduledTime",
												"type": "Expression"
											},
											"PackageName": {
												"value": "@pipeline().parameters.PackageName",
												"type": "Expression"
											},
											"IngestQuery": {
												"value": "@pipeline().parameters.IngestQuery",
												"type": "Expression"
											},
											"AuditSourceTable": {
												"value": "@pipeline().parameters.AuditSourceTable",
												"type": "Expression"
											},
											"AuditDestinationTable": {
												"value": "@pipeline().parameters.AuditDestinationTable",
												"type": "Expression"
											},
											"OutStartDate": {
												"value": "@variables('StartDate')",
												"type": "Expression"
											},
											"OutEndDate": {
												"value": "@variables('EndDate')",
												"type": "Expression"
											},
											"OutPlantList": {
												"value": "@variables('PlantList')",
												"type": "Expression"
											}
										}
									}
								}
							]
						},
						{
							"value": "Activity-ODS-ODS-Copy-Pipeline",
							"activities": [
								{
									"name": "Copy From ODS To ODS",
									"type": "ExecutePipeline",
									"dependsOn": [],
									"userProperties": [],
									"typeProperties": {
										"pipeline": {
											"referenceName": "Activity-ODS-ODS-Copy-Pipeline",
											"type": "PipelineReference"
										},
										"waitOnCompletion": true,
										"parameters": {
											"SourceSchema": {
												"value": "@pipeline().parameters.SourceSchemaName",
												"type": "Expression"
											},
											"SourceTable": {
												"value": "@pipeline().parameters.SourceTableName",
												"type": "Expression"
											},
											"PreCopyScript": {
												"value": "@pipeline().parameters.PreCopyScript",
												"type": "Expression"
											},
											"TargetSchema": {
												"value": "@pipeline().parameters.TargetSchemaName",
												"type": "Expression"
											},
											"TargetTable": {
												"value": "@pipeline().parameters.TargetTableName",
												"type": "Expression"
											},
											"PostProcessingScript": {
												"value": "@pipeline().parameters.PostProcessingObject",
												"type": "Expression"
											},
											"PackageStartDate": {
												"value": "@pipeline().parameters.ScheduledTime",
												"type": "Expression"
											},
											"PackageName": {
												"value": "@pipeline().parameters.PackageName",
												"type": "Expression"
											},
											"IngestQuery": {
												"value": "@pipeline().parameters.IngestQuery",
												"type": "Expression"
											},
											"AuditSourceTable": {
												"value": "@pipeline().parameters.AuditSourceTable",
												"type": "Expression"
											},
											"AuditDestinationTable": {
												"value": "@pipeline().parameters.AuditDestinationTable",
												"type": "Expression"
											}
										}
									}
								}
							]
						}
					]
				}
			}
		],
		"parameters": {
			"PreProcessingObject": {
				"type": "object"
			},
			"PostProcessingObject": {
				"type": "object"
			},
			"PipelineName": {
				"type": "string"
			},
			"PackageName": {
				"type": "string"
			},
			"SourceSchemaName": {
				"type": "string"
			},
			"SourceTableName": {
				"type": "string"
			},
			"PreCopyScript": {
				"type": "string"
			},
			"TargetSchemaName": {
				"type": "string"
			},
			"TargetTableName": {
				"type": "string"
			},
			"IngestQuery": {
				"type": "string"
			},
			"AuditSourceTable": {
				"type": "string"
			},
			"AuditDestinationTable": {
				"type": "string"
			},
			"ScheduledTime": {
				"type": "string"
			}
		},
		"variables": {
			"Index": {
				"type": "String"
			},
			"ArrayLength": {
				"type": "String"
			},
			"Temp": {
				"type": "String"
			},
			"Repeat": {
				"type": "String"
			},
			"StartDate": {
				"type": "String"
			},
			"EndDate": {
				"type": "String"
			},
			"PlantList": {
				"type": "String"
			},
			"DataNotFound": {
				"type": "String",
				"defaultValue": "False"
			}
		},
		"folder": {
			"name": "Activity"
		},
		"annotations": [
			"@pipeline().parameters.AuditSourceTable"
		],
		"lastPublishTime": "2022-01-12T10:36:59Z"
	},
	"type": "Microsoft.DataFactory/factories/pipelines"
}