{
	"name": "Activity-Synapse-StoredProcedure-Pipeline",
	"properties": {
		"activities": [
			{
				"name": "Set Processing Index",
				"type": "SetVariable",
				"dependsOn": [],
				"userProperties": [],
				"typeProperties": {
					"variableName": "Index",
					"value": "0"
				}
			},
			{
				"name": "Set Repeat condition",
				"description": "1",
				"type": "SetVariable",
				"dependsOn": [
					{
						"activity": "Set Processing Index",
						"dependencyConditions": [
							"Succeeded"
						]
					}
				],
				"userProperties": [],
				"typeProperties": {
					"variableName": "Repeat",
					"value": "1"
				}
			},
			{
				"name": "Set Processing Array Length",
				"type": "SetVariable",
				"dependsOn": [
					{
						"activity": "Set Repeat condition",
						"dependencyConditions": [
							"Succeeded"
						]
					}
				],
				"userProperties": [],
				"typeProperties": {
					"variableName": "ArrayLength",
					"value": {
						"value": "@string(length(pipeline().parameters.ProcessingObject.Procedures))",
						"type": "Expression"
					}
				}
			},
			{
				"name": "Set Processing Temp var",
				"type": "SetVariable",
				"dependsOn": [
					{
						"activity": "Set Processing Array Length",
						"dependencyConditions": [
							"Succeeded"
						]
					}
				],
				"userProperties": [],
				"typeProperties": {
					"variableName": "Temp",
					"value": "0"
				}
			},
			{
				"name": "For Each Processing Scripts",
				"type": "Until",
				"dependsOn": [
					{
						"activity": "Set Processing Temp var",
						"dependencyConditions": [
							"Succeeded"
						]
					}
				],
				"userProperties": [],
				"typeProperties": {
					"expression": {
						"value": "@or(equals(int(variables('Index')), int(variables('ArrayLength'))),equals('0',string(variables('Repeat'))))",
						"type": "Expression"
					},
					"activities": [
						{
							"name": "Set Processing Temp as Index",
							"type": "SetVariable",
							"dependsOn": [],
							"userProperties": [],
							"typeProperties": {
								"variableName": "Temp",
								"value": {
									"value": "@variables('Index')",
									"type": "Expression"
								}
							}
						},
						{
							"name": "Switch Stored Procedure",
							"type": "Switch",
							"dependsOn": [
								{
									"activity": "Set Processing Temp as Index",
									"dependencyConditions": [
										"Succeeded"
									]
								}
							],
							"userProperties": [
								{
									"name": "Value",
									"value": "@concat(pipeline().parameters.ProcessingObject.Procedures[int(variables('Index'))].StoredProcedureSchema,'_',pipeline().parameters.ProcessingObject.Procedures[int(variables('Index'))].StoredProcedureName)"
								}
							],
							"typeProperties": {
								"on": {
									"value": "@concat(pipeline().parameters.ProcessingObject.Procedures[int(variables('Index'))].StoredProcedureSchema,'_',pipeline().parameters.ProcessingObject.Procedures[int(variables('Index'))].StoredProcedureName)",
									"type": "Expression"
								},
								"cases": [
									{
										"value": "NA",
										"activities": [
											{
												"name": "Wait",
												"type": "Wait",
												"dependsOn": [],
												"userProperties": [],
												"typeProperties": {
													"waitTimeInSeconds": 1
												}
											}
										]
									}
								],
								"defaultActivities": [
									{
										"name": "Processing SP Execution",
										"type": "SqlServerStoredProcedure",
										"dependsOn": [],
										"policy": {
											"timeout": "7.00:00:00",
											"retry": 0,
											"retryIntervalInSeconds": 30,
											"secureOutput": false,
											"secureInput": false
										},
										"userProperties": [],
										"typeProperties": {
											"storedProcedureName": {
												"value": "@concat(pipeline().parameters.ProcessingObject.Procedures[int(variables('Index'))].StoredProcedureSchema,'.',pipeline().parameters.ProcessingObject.Procedures[int(variables('Index'))].StoredProcedureName)",
												"type": "Expression"
											},
											"storedProcedureParameters": {
												"FullLoad": {
													"value": {
														"value": "@if(equals(pipeline().parameters.FullLoadAllTables,true),1,0)",
														"type": "Expression"
													},
													"type": "Int16"
												}
											}
										},
										"linkedServiceName": {
											"referenceName": "SYN_entdatadev01",
											"type": "LinkedServiceReference"
										}
									}
								]
							}
						},
						{
							"name": "Set Processing Array Index",
							"type": "SetVariable",
							"dependsOn": [
								{
									"activity": "Switch Stored Procedure",
									"dependencyConditions": [
										"Succeeded"
									]
								}
							],
							"userProperties": [],
							"typeProperties": {
								"variableName": "Index",
								"value": {
									"value": "@string(add(int(variables('Temp')),1))",
									"type": "Expression"
								}
							}
						},
						{
							"name": "Break Processing Loop",
							"type": "SetVariable",
							"dependsOn": [
								{
									"activity": "Switch Stored Procedure",
									"dependencyConditions": [
										"Failed"
									]
								}
							],
							"userProperties": [],
							"typeProperties": {
								"variableName": "Repeat",
								"value": "0"
							}
						}
					],
					"timeout": "7.00:00:00"
				}
			}
		],
		"parameters": {
			"ProcessingObject": {
				"type": "object"
			},
			"PipelineName": {
				"type": "string"
			},
			"FullLoadAllTables": {
				"type": "string"
			}
		},
		"variables": {
			"Index": {
				"type": "String"
			},
			"ArrayLength": {
				"type": "String"
			},
			"Temp": {
				"type": "String"
			},
			"Repeat": {
				"type": "String"
			},
			"StartDate": {
				"type": "String"
			},
			"EndDate": {
				"type": "String"
			},
			"PlantList": {
				"type": "String"
			},
			"DataNotFound": {
				"type": "String",
				"defaultValue": "False"
			}
		},
		"folder": {
			"name": "Activity"
		},
		"annotations": [],
		"lastPublishTime": "2022-01-12T10:36:56Z"
	},
	"type": "Microsoft.DataFactory/factories/pipelines"
}