{
	"name": "Base-Orchestration-Horizon-IME-Pipeline",
	"properties": {
		"description": "Fetch and process data through Ingest-Model-Enhance (IME) model",
		"activities": [
			{
				"name": "Switch Kick-off Ingest Activity",
				"description": "",
				"type": "Switch",
				"dependsOn": [],
				"userProperties": [],
				"typeProperties": {
					"on": {
						"value": "@pipeline().parameters.PipelineName",
						"type": "Expression"
					},
					"cases": [
						{
							"value": "Activity-Http-DataLake-Copy-Pipeline",
							"activities": [
								{
									"name": "Execute http-DataLake Copy Activity",
									"description": "Save the xml URL as-is in a data lake storage",
									"type": "ExecutePipeline",
									"dependsOn": [],
									"userProperties": [],
									"typeProperties": {
										"pipeline": {
											"referenceName": "Activity-Http-DataLake-Copy-Pipeline",
											"type": "PipelineReference"
										},
										"waitOnCompletion": true,
										"parameters": {
											"RelativeURL": {
												"value": "@pipeline().parameters.RelativeURL",
												"type": "Expression"
											},
											"IngestContainer": {
												"value": "@pipeline().parameters.SourceContainer",
												"type": "Expression"
											},
											"IngestPath": {
												"value": "@concat(pipeline().parameters.ProjectTag,'/',pipeline().parameters.DataSource,'/',pipeline().parameters.SourceSchemaName,'/',pipeline().parameters.IngestContainer,'/',pipeline().parameters.Year,'/',pipeline().parameters.Month,'/',pipeline().parameters.Day,'/',pipeline().parameters.Hour,'/',pipeline().parameters.Minute)",
												"type": "Expression"
											},
											"IngestTable": {
												"value": "@pipeline().parameters.IngestTable",
												"type": "Expression"
											}
										}
									}
								}
							]
						}
					]
				}
			},
			{
				"name": "Lookup Model Config File",
				"type": "Lookup",
				"dependsOn": [
					{
						"activity": "Switch Kick-off Ingest Activity",
						"dependencyConditions": [
							"Succeeded"
						]
					}
				],
				"policy": {
					"timeout": "7.00:00:00",
					"retry": 0,
					"retryIntervalInSeconds": 30,
					"secureOutput": false,
					"secureInput": false
				},
				"userProperties": [],
				"typeProperties": {
					"source": {
						"type": "JsonSource",
						"storeSettings": {
							"type": "AzureBlobStorageReadSettings",
							"recursive": false,
							"enablePartitionDiscovery": false
						},
						"formatSettings": {
							"type": "JsonReadSettings"
						}
					},
					"dataset": {
						"referenceName": "Config_Blob_Dataset",
						"type": "DatasetReference",
						"parameters": {
							"FilePath": {
								"value": "@pipeline().parameters.TargetPath",
								"type": "Expression"
							},
							"FileName": {
								"value": "@concat(pipeline().parameters.ModelConfig,'.json')",
								"type": "Expression"
							},
							"ContainerName": "skyworksadfconfig"
						}
					}
				}
			},
			{
				"name": "Switch Kick-off Model Activity",
				"description": "",
				"type": "Switch",
				"dependsOn": [
					{
						"activity": "Lookup Model Config File",
						"dependencyConditions": [
							"Succeeded"
						]
					}
				],
				"userProperties": [],
				"typeProperties": {
					"on": {
						"value": "@activity('Lookup Model Config File').output.firstRow.Pipeline[0].ActivityPipelineName",
						"type": "Expression"
					},
					"cases": [
						{
							"value": "Activity-Xml-DataLake-Parquet-DataLake-Copy-Pipeline",
							"activities": [
								{
									"name": "Execute Parse-File-DataLake-DataLake Copy Activity",
									"description": "Copy the source .xml files and parse to .parquet in a data lake storage",
									"type": "ExecutePipeline",
									"dependsOn": [],
									"userProperties": [],
									"typeProperties": {
										"pipeline": {
											"referenceName": "Activity-Xml-DataLake-Parquet-DataLake-Copy-Pipeline",
											"type": "PipelineReference"
										},
										"waitOnCompletion": true,
										"parameters": {
											"SourceContainer": {
												"value": "@pipeline().parameters.SourceContainer",
												"type": "Expression"
											},
											"SourceFilePath": {
												"value": "@concat(pipeline().parameters.ProjectTag,'/',pipeline().parameters.DataSource,'/',pipeline().parameters.SourceSchemaName,'/',pipeline().parameters.IngestContainer,'/',pipeline().parameters.Year,'/',pipeline().parameters.Month,'/',pipeline().parameters.Day,'/',pipeline().parameters.Hour,'/',pipeline().parameters.Minute)",
												"type": "Expression"
											},
											"SourceFileName": {
												"value": "@pipeline().parameters.IngestTable",
												"type": "Expression"
											},
											"TargetContainer": {
												"value": "@activity('Lookup Model Config File').output.firstRow.Pipeline[0].InputValues.TargetContainer",
												"type": "Expression"
											},
											"TargetFilePath": {
												"value": "@concat(pipeline().parameters.ProjectTag,'/',activity('Lookup Model Config File').output.firstRow.Pipeline[0].InputValues.DataSource,'/',activity('Lookup Model Config File').output.firstRow.Pipeline[0].InputValues.TargetSchema,'/',activity('Lookup Model Config File').output.firstRow.Pipeline[0].ModelContainer,'/',pipeline().parameters.Year,'/',pipeline().parameters.Month,'/',pipeline().parameters.Day,'/',pipeline().parameters.Hour,'/',pipeline().parameters.Minute)",
												"type": "Expression"
											},
											"TargetFileName": {
												"value": "@activity('Lookup Model Config File').output.firstRow.Pipeline[0].InputValues.ModelTable",
												"type": "Expression"
											},
											"MappingConfig": {
												"value": "@activity('Lookup Model Config File').output.firstRow.Pipeline[0].InputValues.mapping",
												"type": "Expression"
											}
										}
									}
								}
							]
						}
					]
				}
			},
			{
				"name": "Lookup Enhance Config File",
				"type": "Lookup",
				"dependsOn": [
					{
						"activity": "Switch Kick-off Model Activity",
						"dependencyConditions": [
							"Succeeded"
						]
					}
				],
				"policy": {
					"timeout": "7.00:00:00",
					"retry": 0,
					"retryIntervalInSeconds": 30,
					"secureOutput": false,
					"secureInput": false
				},
				"userProperties": [],
				"typeProperties": {
					"source": {
						"type": "JsonSource",
						"storeSettings": {
							"type": "AzureBlobStorageReadSettings",
							"recursive": false,
							"enablePartitionDiscovery": false
						},
						"formatSettings": {
							"type": "JsonReadSettings"
						}
					},
					"dataset": {
						"referenceName": "Config_Blob_Dataset",
						"type": "DatasetReference",
						"parameters": {
							"FilePath": {
								"value": "@concat(pipeline().parameters.ProjectTag,'/',activity('Lookup Model Config File').output.firstRow.Pipeline[0].InputValues.DataSource,'/',activity('Lookup Model Config File').output.firstRow.Pipeline[0].InputValues.TargetSchema,'/',activity('Lookup Model Config File').output.firstRow.Pipeline[0].InputValues.DataTarget)",
								"type": "Expression"
							},
							"FileName": {
								"value": "@concat(activity('Lookup Model Config File').output.firstRow.Pipeline[0].InputValues.EnhanceConfig,'.json')",
								"type": "Expression"
							},
							"ContainerName": "skyworksadfconfig"
						}
					}
				}
			},
			{
				"name": "Switch Kick-off Enhance Activity",
				"description": "Feed the .parquet converted files to a SQL DB table",
				"type": "Switch",
				"dependsOn": [
					{
						"activity": "Lookup Enhance Config File",
						"dependencyConditions": [
							"Succeeded"
						]
					}
				],
				"userProperties": [],
				"typeProperties": {
					"on": {
						"value": "@activity('Lookup Enhance Config File').output.firstRow.Pipeline[0].ActivityPipelineName",
						"type": "Expression"
					},
					"cases": [
						{
							"value": "Activity-DataLake-DataLake-Copy-Pipeline",
							"activities": [
								{
									"name": "Execute DataLake-DataLake-Copy Activity",
									"type": "ExecutePipeline",
									"dependsOn": [],
									"userProperties": [],
									"typeProperties": {
										"pipeline": {
											"referenceName": "Activity-DataLake-DataLake-Copy-Pipeline",
											"type": "PipelineReference"
										},
										"waitOnCompletion": true,
										"parameters": {
											"SourceContainer": {
												"value": "@activity('Lookup Model Config File').output.firstRow.Pipeline[0].InputValues.TargetContainer",
												"type": "Expression"
											},
											"SourceFilePath": {
												"value": "@concat(pipeline().parameters.ProjectTag,'/',activity('Lookup Model Config File').output.firstRow.Pipeline[0].InputValues.DataSource,'/',activity('Lookup Model Config File').output.firstRow.Pipeline[0].InputValues.TargetSchema,'/',activity('Lookup Model Config File').output.firstRow.Pipeline[0].ModelContainer,'/',pipeline().parameters.Year,'/',pipeline().parameters.Month,'/',pipeline().parameters.Day,'/',pipeline().parameters.Hour,'/',pipeline().parameters.Minute)",
												"type": "Expression"
											},
											"SourceFileName": {
												"value": "@activity('Lookup Model Config File').output.firstRow.Pipeline[0].InputValues.ModelTable",
												"type": "Expression"
											},
											"TargetContainer": {
												"value": "@activity('Lookup Enhance Config File').output.firstRow.Pipeline[0].InputValues.TargetContainer",
												"type": "Expression"
											},
											"TargetFilePath": {
												"value": "@concat(pipeline().parameters.ProjectTag,'/',activity('Lookup Enhance Config File').output.firstRow.Pipeline[0].InputValues.DataSource,'/',activity('Lookup Enhance Config File').output.firstRow.Pipeline[0].InputValues.TargetSchema,'/',activity('Lookup Enhance Config File').output.firstRow.Pipeline[0].EnhanceContainer,'/',pipeline().parameters.Year,'/',pipeline().parameters.Month,'/',pipeline().parameters.Day,'/',pipeline().parameters.Hour,'/',pipeline().parameters.Minute)",
												"type": "Expression"
											},
											"TargetFileName": {
												"value": "@activity('Lookup Enhance Config File').output.firstRow.Pipeline[0].InputValues.EnhanceTable",
												"type": "Expression"
											}
										}
									}
								}
							]
						}
					]
				}
			},
			{
				"name": "Check If Post Processing is Empty",
				"type": "IfCondition",
				"dependsOn": [
					{
						"activity": "ForEach Pipeline",
						"dependencyConditions": [
							"Succeeded"
						]
					}
				],
				"userProperties": [],
				"typeProperties": {
					"expression": {
						"value": "@empty(activity('Lookup Enhance Config File').output.firstRow.Pipeline[0].InputValues.PostProcessing)",
						"type": "Expression"
					},
					"ifFalseActivities": [
						{
							"name": "Execute Post Processing Scripts",
							"type": "ExecutePipeline",
							"dependsOn": [],
							"userProperties": [],
							"typeProperties": {
								"pipeline": {
									"referenceName": "Activity-Execute-Post-Processing-StoredProcedure-Pipeline",
									"type": "PipelineReference"
								},
								"waitOnCompletion": true,
								"parameters": {
									"PostProcessingObject": {
										"value": "@activity('Lookup Enhance Config File').output.firstRow.Pipeline[0].InputValues.PostProcessing",
										"type": "Expression"
									}
								}
							}
						}
					]
				}
			},
			{
				"name": "ForEach Pipeline",
				"type": "ForEach",
				"dependsOn": [
					{
						"activity": "Switch Kick-off Enhance Activity",
						"dependencyConditions": [
							"Succeeded"
						]
					}
				],
				"userProperties": [],
				"typeProperties": {
					"items": {
						"value": "@activity('Lookup Enhance Config File').output.firstRow.Pipeline",
						"type": "Expression"
					},
					"isSequential": false,
					"batchCount": 20,
					"activities": [
						{
							"name": "Switch Kick-off Database Activity",
							"type": "Switch",
							"dependsOn": [],
							"userProperties": [],
							"typeProperties": {
								"on": {
									"value": "@item().DatabaseActivityPipelineName",
									"type": "Expression"
								},
								"cases": [
									{
										"value": "Activity-DataLake-AzureSQL-Copy-Pipeline",
										"activities": [
											{
												"name": "Execute DataLake-SQL DB Copy Activity",
												"description": "Copy enhance files to temp AzureSQL DB",
												"type": "ExecutePipeline",
												"dependsOn": [],
												"userProperties": [],
												"typeProperties": {
													"pipeline": {
														"referenceName": "Activity-DataLake-AzureSQL-Copy-Pipeline",
														"type": "PipelineReference"
													},
													"waitOnCompletion": true,
													"parameters": {
														"SourceContainer": {
															"value": "@item().InputValues.TargetContainer",
															"type": "Expression"
														},
														"SourceFilePath": {
															"value": "@concat(pipeline().parameters.ProjectTag,'/',item().InputValues.DataSource,'/',item().InputValues.TargetSchema,'/',item().EnhanceContainer,'/',pipeline().parameters.Year,'/',pipeline().parameters.Month,'/',pipeline().parameters.Day,'/',pipeline().parameters.Hour,'/',pipeline().parameters.Minute)",
															"type": "Expression"
														},
														"SourceFileName": {
															"value": "@item().InputValues.EnhanceTable",
															"type": "Expression"
														},
														"TempTargetSchema": {
															"value": "@item().InputValues.TempSchemaName",
															"type": "Expression"
														},
														"TempTargetTableName": {
															"value": "@item().InputValues.TempTargetTable",
															"type": "Expression"
														},
														"PreCopyScript": {
															"value": "@item().InputValues.PreCopyScript",
															"type": "Expression"
														}
													}
												}
											}
										]
									}
								]
							}
						}
					]
				}
			}
		],
		"parameters": {
			"ProjectTag": {
				"type": "string"
			},
			"DataSource": {
				"type": "string"
			},
			"Year": {
				"type": "string"
			},
			"Month": {
				"type": "string"
			},
			"Day": {
				"type": "string"
			},
			"Hour": {
				"type": "string"
			},
			"Minute": {
				"type": "string"
			},
			"SourceContainer": {
				"type": "string"
			},
			"SourceSchemaName": {
				"type": "string"
			},
			"IngestContainer": {
				"type": "string"
			},
			"IngestTable": {
				"type": "string"
			},
			"TargetPath": {
				"type": "string"
			},
			"TargetSchemaName": {
				"type": "string"
			},
			"ModelConfig": {
				"type": "string"
			},
			"PipelineName": {
				"type": "string"
			},
			"RelativeURL": {
				"type": "string"
			}
		},
		"folder": {
			"name": "Orchestration"
		},
		"annotations": [],
		"lastPublishTime": "2022-01-12T10:36:59Z"
	},
	"type": "Microsoft.DataFactory/factories/pipelines"
}