{
	"name": "Base-Orchestration-Kick-off-Database-Activity-Pipeline",
	"properties": {
		"activities": [
			{
				"name": "Check If Pre Processing is Empty",
				"type": "IfCondition",
				"dependsOn": [],
				"userProperties": [],
				"typeProperties": {
					"expression": {
						"value": "@empty(pipeline().parameters.PreProcessing)",
						"type": "Expression"
					},
					"ifFalseActivities": [
						{
							"name": "Execute Pre Processing Scripts",
							"type": "ExecutePipeline",
							"dependsOn": [],
							"userProperties": [],
							"typeProperties": {
								"pipeline": {
									"referenceName": "Activity-Execute-Pre-Processing-StoredProcedure-Pipeline",
									"type": "PipelineReference"
								},
								"waitOnCompletion": true,
								"parameters": {
									"PreProcessingObject": {
										"value": "@pipeline().parameters.PreProcessing",
										"type": "Expression"
									},
									"PostProcessingObject": {
										"value": "@pipeline().parameters.PostProcessing",
										"type": "Expression"
									},
									"PipelineName": {
										"value": "@pipeline().parameters.PipelineName",
										"type": "Expression"
									},
									"PackageName": {
										"value": "@pipeline().parameters.PackageName",
										"type": "Expression"
									},
									"SourceSchemaName": {
										"value": "@pipeline().parameters.SourceSchemaName",
										"type": "Expression"
									},
									"SourceTableName": {
										"value": "@pipeline().parameters.SourceTableName",
										"type": "Expression"
									},
									"PreCopyScript": {
										"value": "@pipeline().parameters.PreCopyScript",
										"type": "Expression"
									},
									"TargetSchemaName": {
										"value": "@pipeline().parameters.TargetSchemaName",
										"type": "Expression"
									},
									"TargetTableName": {
										"value": "@pipeline().parameters.TargetTableName",
										"type": "Expression"
									},
									"IngestQuery": {
										"value": "@pipeline().parameters.IngestQuery",
										"type": "Expression"
									},
									"AuditSourceTable": {
										"value": "@pipeline().parameters.AuditSourceTable",
										"type": "Expression"
									},
									"AuditDestinationTable": {
										"value": "@pipeline().parameters.AuditDestinationTable",
										"type": "Expression"
									},
									"ScheduledTime": {
										"value": "@pipeline().parameters.PackageStartDate",
										"type": "Expression"
									}
								}
							}
						}
					],
					"ifTrueActivities": [
						{
							"name": "Switch Data Flow Activity",
							"type": "Switch",
							"dependsOn": [],
							"userProperties": [
								{
									"name": "Value",
									"value": "@pipeline().parameters.PipelineName"
								}
							],
							"typeProperties": {
								"on": {
									"value": "@pipeline().parameters.PipelineName",
									"type": "Expression"
								},
								"cases": [
									{
										"value": "Activity-LIBECCRTP-ODS-Copy-Pipeline",
										"activities": [
											{
												"name": "Copy From LIBECCRTP To ODS",
												"type": "ExecutePipeline",
												"dependsOn": [],
												"userProperties": [
													{
														"name": "Value",
														"value": "@pipeline().parameters.SourceTableName"
													}
												],
												"typeProperties": {
													"pipeline": {
														"referenceName": "Activity-LIBECCRTP-ODS-Copy-Pipeline",
														"type": "PipelineReference"
													},
													"waitOnCompletion": true,
													"parameters": {
														"SourceSchema": {
															"value": "@pipeline().parameters.SourceSchemaName",
															"type": "Expression"
														},
														"SourceTable": {
															"value": "@pipeline().parameters.SourceTableName",
															"type": "Expression"
														},
														"PreCopyScript": {
															"value": "@pipeline().parameters.PreCopyScript",
															"type": "Expression"
														},
														"TargetSchema": {
															"value": "@pipeline().parameters.TargetSchemaName",
															"type": "Expression"
														},
														"TargetTable": {
															"value": "@pipeline().parameters.TargetTableName",
															"type": "Expression"
														},
														"PostProcessingScript": {
															"value": "@pipeline().parameters.PostProcessing",
															"type": "Expression"
														},
														"PackageStartDate": {
															"value": "@pipeline().parameters.PackageStartDate",
															"type": "Expression"
														},
														"PackageName": {
															"value": "@pipeline().parameters.PackageName",
															"type": "Expression"
														},
														"IngestQuery": {
															"value": "@pipeline().parameters.IngestQuery",
															"type": "Expression"
														},
														"AuditSourceTable": {
															"value": "@pipeline().parameters.AuditSourceTable",
															"type": "Expression"
														},
														"AuditDestinationTable": {
															"value": "@pipeline().parameters.AuditDestinationTable",
															"type": "Expression"
														}
													}
												}
											}
										]
									},
									{
										"value": "Activity-ODS-ODS-Copy-Pipeline",
										"activities": [
											{
												"name": "Copy From ODS To ODS",
												"type": "ExecutePipeline",
												"dependsOn": [],
												"userProperties": [],
												"typeProperties": {
													"pipeline": {
														"referenceName": "Activity-ODS-ODS-Copy-Pipeline",
														"type": "PipelineReference"
													},
													"waitOnCompletion": true,
													"parameters": {
														"SourceSchema": {
															"value": "@pipeline().parameters.SourceSchemaName",
															"type": "Expression"
														},
														"SourceTable": {
															"value": "@pipeline().parameters.SourceTableName",
															"type": "Expression"
														},
														"PreCopyScript": {
															"value": "@pipeline().parameters.PreCopyScript",
															"type": "Expression"
														},
														"TargetSchema": {
															"value": "@pipeline().parameters.TargetSchemaName",
															"type": "Expression"
														},
														"TargetTable": {
															"value": "@pipeline().parameters.TargetTableName",
															"type": "Expression"
														},
														"PostProcessingScript": {
															"value": "@pipeline().parameters.PostProcessing",
															"type": "Expression"
														},
														"PackageStartDate": {
															"value": "@pipeline().parameters.PackageStartDate",
															"type": "Expression"
														},
														"PackageName": {
															"value": "@pipeline().parameters.PackageName",
															"type": "Expression"
														},
														"IngestQuery": {
															"value": "@pipeline().parameters.IngestQuery",
															"type": "Expression"
														},
														"AuditSourceTable": {
															"value": "@pipeline().parameters.AuditSourceTable",
															"type": "Expression"
														},
														"AuditDestinationTable": {
															"value": "@pipeline().parameters.AuditDestinationTable",
															"type": "Expression"
														}
													}
												}
											}
										]
									}
								]
							}
						}
					]
				}
			}
		],
		"parameters": {
			"ProjectTag": {
				"type": "string"
			},
			"DataSource": {
				"type": "string"
			},
			"Year": {
				"type": "string"
			},
			"Month": {
				"type": "string"
			},
			"Day": {
				"type": "string"
			},
			"Hour": {
				"type": "string"
			},
			"Minute": {
				"type": "string"
			},
			"FullLoadAllTables": {
				"type": "string"
			},
			"PreProcessing": {
				"type": "object"
			},
			"SourceSchemaName": {
				"type": "string"
			},
			"SourceTableName": {
				"type": "string"
			},
			"PreCopyScript": {
				"type": "string"
			},
			"TargetSchemaName": {
				"type": "string"
			},
			"TargetTableName": {
				"type": "string"
			},
			"PostProcessing": {
				"type": "object"
			},
			"PipelineName": {
				"type": "string"
			},
			"PackageName": {
				"type": "string"
			},
			"PackageStartDate": {
				"type": "string"
			},
			"IngestQuery": {
				"type": "string"
			},
			"AuditSourceTable": {
				"type": "string"
			},
			"AuditDestinationTable": {
				"type": "string"
			}
		},
		"folder": {
			"name": "Orchestration"
		},
		"annotations": [
			"@pipeline().parameters.ProjectTag",
			"@pipeline().parameters.SourceTableName"
		],
		"lastPublishTime": "2022-01-12T10:37:00Z"
	},
	"type": "Microsoft.DataFactory/factories/pipelines"
}