{
	"name": "Base-Orchestration-Synapse-SP-Activity-Pipeline",
	"properties": {
		"activities": [
			{
				"name": "Check If  Processing Object is Empty",
				"type": "IfCondition",
				"dependsOn": [],
				"userProperties": [],
				"typeProperties": {
					"expression": {
						"value": "@empty(pipeline().parameters.ProcessingObject)",
						"type": "Expression"
					},
					"ifFalseActivities": [
						{
							"name": "Execute Processing Scripts",
							"type": "ExecutePipeline",
							"dependsOn": [],
							"userProperties": [],
							"typeProperties": {
								"pipeline": {
									"referenceName": "Activity-Synapse-StoredProcedure-Pipeline",
									"type": "PipelineReference"
								},
								"waitOnCompletion": true,
								"parameters": {
									"ProcessingObject": {
										"value": "@pipeline().parameters.ProcessingObject",
										"type": "Expression"
									},
									"PipelineName": {
										"value": "@pipeline().parameters.PipelineName",
										"type": "Expression"
									},
									"FullLoadAllTables": {
										"value": "@pipeline().parameters.FullLoadAllTables",
										"type": "Expression"
									}
								}
							}
						}
					]
				}
			}
		],
		"parameters": {
			"ProjectTag": {
				"type": "string"
			},
			"DataSource": {
				"type": "string"
			},
			"FullLoadAllTables": {
				"type": "string"
			},
			"ProcessingObject": {
				"type": "object"
			},
			"PipelineName": {
				"type": "string"
			}
		},
		"folder": {
			"name": "Orchestration"
		},
		"annotations": [
			"@pipeline().parameters.ProjectTag"
		],
		"lastPublishTime": "2022-01-12T10:36:57Z"
	},
	"type": "Microsoft.DataFactory/factories/pipelines"
}