{
	"name": "Scheduler01-Kickoff-Base-Orchestration-Pipeline",
	"properties": {
		"activities": [
			{
				"name": "Switch_KickOff_Base_Orchestration",
				"type": "Switch",
				"dependsOn": [],
				"userProperties": [
					{
						"name": "Value",
						"value": "@pipeline().parameters.Pipeline.OrchestrationPipelineName"
					}
				],
				"typeProperties": {
					"on": {
						"value": "@if(equals(pipeline().parameters.ProjectTag,'project-horizon'),pipeline().parameters.Pipeline.OrchestrationPipelineName,'')",
						"type": "Expression"
					},
					"cases": [
						{
							"value": "Base-Orchestration-Kick-off-Database-Activity-Pipeline",
							"activities": [
								{
									"name": "Execute Base Orchestration Pipeline",
									"type": "ExecutePipeline",
									"dependsOn": [],
									"userProperties": [
										{
											"name": "Value",
											"value": "@pipeline().parameters.TableName"
										}
									],
									"typeProperties": {
										"pipeline": {
											"referenceName": "Base-Orchestration-Kick-off-Database-Activity-Pipeline",
											"type": "PipelineReference"
										},
										"waitOnCompletion": true,
										"parameters": {
											"ProjectTag": {
												"value": "@pipeline().parameters.ProjectTag",
												"type": "Expression"
											},
											"DataSource": {
												"value": "@pipeline().parameters.Pipeline.InputValues.DataSource",
												"type": "Expression"
											},
											"Year": {
												"value": "@pipeline().parameters.Year",
												"type": "Expression"
											},
											"Month": {
												"value": "@pipeline().parameters.Month",
												"type": "Expression"
											},
											"Day": {
												"value": "@pipeline().parameters.Day",
												"type": "Expression"
											},
											"Hour": {
												"value": "@pipeline().parameters.Hour",
												"type": "Expression"
											},
											"Minute": {
												"value": "@pipeline().parameters.Minute",
												"type": "Expression"
											},
											"FullLoadAllTables": {
												"value": "@pipeline().parameters.FullLoadAllTables",
												"type": "Expression"
											},
											"PreProcessing": {
												"value": "@pipeline().parameters.Pipeline.InputValues.PreProcessing",
												"type": "Expression"
											},
											"SourceSchemaName": {
												"value": "@pipeline().parameters.Pipeline.InputValues.SourceSchema",
												"type": "Expression"
											},
											"SourceTableName": {
												"value": "@pipeline().parameters.Pipeline.InputValues.SourceTable",
												"type": "Expression"
											},
											"PreCopyScript": {
												"value": "@pipeline().parameters.Pipeline.InputValues.PreCopyScript",
												"type": "Expression"
											},
											"TargetSchemaName": {
												"value": "@pipeline().parameters.Pipeline.InputValues.TargetSchema",
												"type": "Expression"
											},
											"TargetTableName": {
												"value": "@pipeline().parameters.Pipeline.InputValues.TargetTable",
												"type": "Expression"
											},
											"PostProcessing": {
												"value": "@pipeline().parameters.Pipeline.InputValues.PostProcessing",
												"type": "Expression"
											},
											"PipelineName": {
												"value": "@pipeline().parameters.Pipeline.ActivityPipelineName",
												"type": "Expression"
											},
											"PackageName": {
												"value": "@pipeline().parameters.Pipeline.InputValues.PackageName",
												"type": "Expression"
											},
											"PackageStartDate": {
												"value": "@pipeline().parameters.ScheduledTime",
												"type": "Expression"
											},
											"IngestQuery": {
												"value": "@if(equals(pipeline().parameters.FullLoadAllTables, true), pipeline().parameters.Pipeline.InputValues.FullLoadIngestQuery,\npipeline().parameters.Pipeline.InputValues.DeltaLoadIngestQuery)",
												"type": "Expression"
											},
											"AuditSourceTable": {
												"value": "@pipeline().parameters.Pipeline.InputValues.AuditSourceTable",
												"type": "Expression"
											},
											"AuditDestinationTable": {
												"value": "@pipeline().parameters.Pipeline.InputValues.AuditDestinationTable",
												"type": "Expression"
											}
										}
									}
								}
							]
						},
						{
							"value": "Base-Orchestration-Horizon-IME-Pipeline",
							"activities": [
								{
									"name": "Execute Base Orchestration - Horizon IME",
									"type": "ExecutePipeline",
									"dependsOn": [],
									"userProperties": [
										{
											"name": "Value",
											"value": "@pipeline().parameters.TableName"
										}
									],
									"typeProperties": {
										"pipeline": {
											"referenceName": "Base-Orchestration-Horizon-IME-Pipeline",
											"type": "PipelineReference"
										},
										"waitOnCompletion": true,
										"parameters": {
											"ProjectTag": {
												"value": "@pipeline().parameters.ProjectTag",
												"type": "Expression"
											},
											"DataSource": {
												"value": "@pipeline().parameters.Pipeline.InputValues.DataSource",
												"type": "Expression"
											},
											"Year": {
												"value": "@pipeline().parameters.Year",
												"type": "Expression"
											},
											"Month": {
												"value": "@pipeline().parameters.Month",
												"type": "Expression"
											},
											"Day": {
												"value": "@pipeline().parameters.Day",
												"type": "Expression"
											},
											"Hour": {
												"value": "@pipeline().parameters.Hour",
												"type": "Expression"
											},
											"Minute": {
												"value": "@pipeline().parameters.Minute",
												"type": "Expression"
											},
											"SourceContainer": {
												"value": "@pipeline().parameters.Pipeline.InputValues.SourceContainer",
												"type": "Expression"
											},
											"SourceSchemaName": {
												"value": "@pipeline().parameters.Pipeline.InputValues.SourceSchema",
												"type": "Expression"
											},
											"IngestContainer": {
												"value": "@pipeline().parameters.Pipeline.IngestContainer",
												"type": "Expression"
											},
											"IngestTable": {
												"value": "@pipeline().parameters.Pipeline.InputValues.IngestTable",
												"type": "Expression"
											},
											"TargetPath": {
												"value": "@concat(pipeline().parameters.ProjectTag,'/',pipeline().parameters.Pipeline.InputValues.DataSource,'/',pipeline().parameters.Pipeline.InputValues.TargetSchema,'/',pipeline().parameters.Pipeline.InputValues.DataTarget)",
												"type": "Expression"
											},
											"TargetSchemaName": {
												"value": "@pipeline().parameters.Pipeline.InputValues.TargetSchema",
												"type": "Expression"
											},
											"ModelConfig": {
												"value": "@pipeline().parameters.Pipeline.InputValues.ModelConfig",
												"type": "Expression"
											},
											"PipelineName": {
												"value": "@pipeline().parameters.Pipeline.ActivityPipelineName",
												"type": "Expression"
											},
											"RelativeURL": {
												"value": "@pipeline().parameters.Pipeline.InputValues.RelativeURL",
												"type": "Expression"
											}
										}
									}
								}
							]
						},
						{
							"value": "Base-Orchestration-Synapse-SP-Activity-Pipeline",
							"activities": [
								{
									"name": "Execute Synapse Base orch",
									"type": "ExecutePipeline",
									"dependsOn": [],
									"userProperties": [],
									"typeProperties": {
										"pipeline": {
											"referenceName": "Base-Orchestration-Synapse-SP-Activity-Pipeline",
											"type": "PipelineReference"
										},
										"waitOnCompletion": true,
										"parameters": {
											"ProjectTag": {
												"value": "@pipeline().parameters.ProjectTag",
												"type": "Expression"
											},
											"DataSource": {
												"value": "@pipeline().parameters.Pipeline.InputValues.DataSource",
												"type": "Expression"
											},
											"FullLoadAllTables": {
												"value": "@pipeline().parameters.FullLoadAllTables",
												"type": "Expression"
											},
											"ProcessingObject": {
												"value": "@pipeline().parameters.Pipeline.InputValues.ProcessingObject",
												"type": "Expression"
											},
											"PipelineName": {
												"value": "@pipeline().parameters.Pipeline.ActivityPipelineName",
												"type": "Expression"
											}
										}
									}
								}
							]
						}
					]
				}
			}
		],
		"parameters": {
			"Pipeline": {
				"type": "object"
			},
			"Year": {
				"type": "string"
			},
			"Month": {
				"type": "string"
			},
			"Day": {
				"type": "string"
			},
			"FullLoadAllTables": {
				"type": "bool",
				"defaultValue": false
			},
			"Hour": {
				"type": "string"
			},
			"Minute": {
				"type": "string"
			},
			"ProjectTag": {
				"type": "string"
			},
			"ScheduledTime": {
				"type": "string"
			},
			"TableName": {
				"type": "string"
			}
		},
		"folder": {
			"name": "Schedulers"
		},
		"annotations": [
			"@pipeline().parameters.ProjectTag",
			"@pipeline().parameters.TableName"
		],
		"lastPublishTime": "2022-01-12T10:37:01Z"
	},
	"type": "Microsoft.DataFactory/factories/pipelines"
}