{
	"name": "Scheduler03-Table-Config-Lookup-Pipeline",
	"properties": {
		"description": "If the JSON item is not null, look up the corresponding table config file and pass it as a parameter to the next pipeline.",
		"activities": [
			{
				"name": "Check If Table Is Null",
				"description": "Checks if table item is null.",
				"type": "IfCondition",
				"dependsOn": [],
				"userProperties": [],
				"typeProperties": {
					"expression": {
						"value": "@not(equals(pipeline().parameters.TableName, null))",
						"type": "Expression"
					},
					"ifTrueActivities": [
						{
							"name": "Input File Lookup",
							"description": "Looks up table config file",
							"type": "Lookup",
							"dependsOn": [],
							"policy": {
								"timeout": "7.00:00:00",
								"retry": 0,
								"retryIntervalInSeconds": 30,
								"secureOutput": false,
								"secureInput": false
							},
							"userProperties": [
								{
									"name": "Value",
									"value": "@pipeline().parameters.TableName"
								}
							],
							"typeProperties": {
								"source": {
									"type": "JsonSource",
									"storeSettings": {
										"type": "AzureBlobStorageReadSettings",
										"recursive": true
									},
									"formatSettings": {
										"type": "JsonReadSettings"
									}
								},
								"dataset": {
									"referenceName": "Config_Blob_Dataset",
									"type": "DatasetReference",
									"parameters": {
										"FilePath": {
											"value": "@concat(pipeline().parameters.ProjectTag,'/',pipeline().parameters.DataSource,'/',pipeline().parameters.SchemaName)",
											"type": "Expression"
										},
										"FileName": {
											"value": "@concat(pipeline().parameters.TableName,'.json')",
											"type": "Expression"
										},
										"ContainerName": "skyworksadfconfig"
									}
								}
							}
						},
						{
							"name": "Pass Table Config",
							"description": "Executes Scheduler-Parse-Config-Pipeline with new parameters from lookup",
							"type": "ExecutePipeline",
							"dependsOn": [
								{
									"activity": "Input File Lookup",
									"dependencyConditions": [
										"Succeeded"
									]
								}
							],
							"userProperties": [
								{
									"name": "Value",
									"value": "@pipeline().parameters.TableName"
								}
							],
							"typeProperties": {
								"pipeline": {
									"referenceName": "Scheduler02-Parse-Config-Pipeline",
									"type": "PipelineReference"
								},
								"waitOnCompletion": true,
								"parameters": {
									"Table": {
										"value": "@activity('Input File Lookup').output.firstrow",
										"type": "Expression"
									},
									"ScheduledTime": {
										"value": "@pipeline().parameters.ScheduledTime",
										"type": "Expression"
									},
									"FullLoadAllTables": {
										"value": "@pipeline().parameters.FullLoadAllTables",
										"type": "Expression"
									},
									"ProjectTag": {
										"value": "@pipeline().parameters.ProjectTag",
										"type": "Expression"
									},
									"TableName": {
										"value": "@pipeline().parameters.TableName",
										"type": "Expression"
									}
								}
							}
						}
					]
				}
			}
		],
		"parameters": {
			"TableName": {
				"type": "String"
			},
			"ScheduledTime": {
				"type": "String"
			},
			"DataSource": {
				"type": "string"
			},
			"SchemaName": {
				"type": "string"
			},
			"FullLoadAllTables": {
				"type": "bool",
				"defaultValue": false
			},
			"ProjectTag": {
				"type": "string"
			}
		},
		"folder": {
			"name": "Schedulers"
		},
		"annotations": [
			"@pipeline().parameters.ProjectTag",
			"@pipeline().parameters.TableName"
		],
		"lastPublishTime": "2022-01-12T10:37:03Z"
	},
	"type": "Microsoft.DataFactory/factories/pipelines"
}