{
	"name": "Scheduler04-Table-Pipeline",
	"properties": {
		"description": "Look at base config file and runs item within the table array.",
		"activities": [
			{
				"name": "Set Pipeline Trigger Time",
				"type": "SetVariable",
				"dependsOn": [],
				"userProperties": [],
				"typeProperties": {
					"variableName": "ScheduledTime",
					"value": {
						"value": "@pipeline().TriggerTime",
						"type": "Expression"
					}
				}
			},
			{
				"name": "Input File Lookup",
				"description": "Look up base config file with table name items.",
				"type": "Lookup",
				"dependsOn": [
					{
						"activity": "Set Pipeline Trigger Time",
						"dependencyConditions": [
							"Succeeded"
						]
					},
					{
						"activity": "Set Project Tag",
						"dependencyConditions": [
							"Succeeded"
						]
					}
				],
				"policy": {
					"timeout": "7.00:00:00",
					"retry": 0,
					"retryIntervalInSeconds": 30,
					"secureOutput": false,
					"secureInput": false
				},
				"userProperties": [
					{
						"name": "Value",
						"value": "@pipeline().parameters.SchedulerName"
					}
				],
				"typeProperties": {
					"source": {
						"type": "JsonSource",
						"storeSettings": {
							"type": "AzureBlobStorageReadSettings",
							"recursive": true,
							"enablePartitionDiscovery": false
						},
						"formatSettings": {
							"type": "JsonReadSettings"
						}
					},
					"dataset": {
						"referenceName": "Config_Blob_Dataset",
						"type": "DatasetReference",
						"parameters": {
							"FilePath": {
								"value": "@pipeline().parameters.SchedulerFilePath",
								"type": "Expression"
							},
							"FileName": {
								"value": "@pipeline().parameters.SchedulerName",
								"type": "Expression"
							},
							"ContainerName": "skyworksadfconfig"
						}
					},
					"firstRowOnly": true
				}
			},
			{
				"name": "For Each Dependent Table",
				"description": "Loops through each item in the config file.",
				"type": "ForEach",
				"dependsOn": [
					{
						"activity": "Filter Table Type Dependent",
						"dependencyConditions": [
							"Succeeded"
						]
					}
				],
				"userProperties": [],
				"typeProperties": {
					"items": {
						"value": "@activity('Filter Table Type Dependent').output.Value",
						"type": "Expression"
					},
					"isSequential": false,
					"batchCount": 20,
					"activities": [
						{
							"name": "Execute_Scheduler_Table_Config_Lookup_Others",
							"type": "ExecutePipeline",
							"dependsOn": [],
							"userProperties": [
								{
									"name": "Value",
									"value": "@item().Table"
								}
							],
							"typeProperties": {
								"pipeline": {
									"referenceName": "Scheduler03-Table-Config-Lookup-Pipeline",
									"type": "PipelineReference"
								},
								"waitOnCompletion": true,
								"parameters": {
									"TableName": {
										"value": "@item().Table",
										"type": "Expression"
									},
									"ScheduledTime": {
										"value": "@variables('ScheduledTime')",
										"type": "Expression"
									},
									"DataSource": {
										"value": "@item().DataSource",
										"type": "Expression"
									},
									"SchemaName": {
										"value": "@item().Schema",
										"type": "Expression"
									},
									"FullLoadAllTables": {
										"value": "@pipeline().parameters.FullLoadAllTables",
										"type": "Expression"
									},
									"ProjectTag": {
										"value": "@variables('ProjectTag')",
										"type": "Expression"
									}
								}
							}
						}
					]
				}
			},
			{
				"name": "For Each Dimension Table",
				"description": "Loops through each item in the config file.",
				"type": "ForEach",
				"dependsOn": [
					{
						"activity": "Filter Table Type Dim",
						"dependencyConditions": [
							"Succeeded"
						]
					}
				],
				"userProperties": [],
				"typeProperties": {
					"items": {
						"value": "@activity('Filter Table Type Dim').output.Value",
						"type": "Expression"
					},
					"isSequential": false,
					"batchCount": 20,
					"activities": [
						{
							"name": "Execute_Scheduler_Table_Config_Lookup_Dim",
							"type": "ExecutePipeline",
							"dependsOn": [],
							"userProperties": [
								{
									"name": "Value",
									"value": "@item().Table"
								}
							],
							"typeProperties": {
								"pipeline": {
									"referenceName": "Scheduler03-Table-Config-Lookup-Pipeline",
									"type": "PipelineReference"
								},
								"waitOnCompletion": true,
								"parameters": {
									"TableName": {
										"value": "@item().Table",
										"type": "Expression"
									},
									"ScheduledTime": {
										"value": "@variables('ScheduledTime')",
										"type": "Expression"
									},
									"DataSource": {
										"value": "@item().DataSource",
										"type": "Expression"
									},
									"SchemaName": {
										"value": "@item().Schema",
										"type": "Expression"
									},
									"FullLoadAllTables": {
										"value": "@pipeline().parameters.FullLoadAllTables",
										"type": "Expression"
									},
									"ProjectTag": {
										"value": "@variables('ProjectTag')",
										"type": "Expression"
									}
								}
							}
						}
					]
				}
			},
			{
				"name": "For Each Fact Table",
				"description": "Loops through each item in the config file.",
				"type": "ForEach",
				"dependsOn": [
					{
						"activity": "Filter Table Type Fact",
						"dependencyConditions": [
							"Succeeded"
						]
					}
				],
				"userProperties": [],
				"typeProperties": {
					"items": {
						"value": "@activity('Filter Table Type Fact').output.Value",
						"type": "Expression"
					},
					"isSequential": false,
					"batchCount": 20,
					"activities": [
						{
							"name": "Execute_Scheduler_Table_Fact_Config_Source",
							"type": "ExecutePipeline",
							"dependsOn": [],
							"userProperties": [
								{
									"name": "Value",
									"value": "@item().Table"
								}
							],
							"typeProperties": {
								"pipeline": {
									"referenceName": "Scheduler03-Table-Config-Lookup-Pipeline",
									"type": "PipelineReference"
								},
								"waitOnCompletion": true,
								"parameters": {
									"TableName": {
										"value": "@item().Table",
										"type": "Expression"
									},
									"ScheduledTime": {
										"value": "@variables('ScheduledTime')",
										"type": "Expression"
									},
									"DataSource": {
										"value": "@item().DataSource",
										"type": "Expression"
									},
									"SchemaName": {
										"value": "@item().Schema",
										"type": "Expression"
									},
									"FullLoadAllTables": {
										"value": "@pipeline().parameters.FullLoadAllTables",
										"type": "Expression"
									},
									"ProjectTag": {
										"value": "@variables('ProjectTag')",
										"type": "Expression"
									}
								}
							}
						}
					]
				}
			},
			{
				"name": "Filter Table Type Dependent",
				"type": "Filter",
				"dependsOn": [
					{
						"activity": "Input File Lookup",
						"dependencyConditions": [
							"Succeeded"
						]
					}
				],
				"userProperties": [],
				"typeProperties": {
					"items": {
						"value": "@activity('Input File Lookup').output.FirstRow.table",
						"type": "Expression"
					},
					"condition": {
						"value": "@if(empty(pipeline().parameters.TableName),if(empty(pipeline().parameters.DataSource),\nor(equals(item().TableType,'Dependent'),not(contains(item().DependentFor,''))),\nand(or(equals(item().TableType,'Dependent'),not(contains(item().DependentFor,''))),equals(item().DataSource,pipeline().parameters.DataSource))),or(and(equals(item().Table,pipeline().parameters.TableName),equals(item().TableType,'Dependent')),contains(item().DependentFor,pipeline().parameters.TableName)))",
						"type": "Expression"
					}
				}
			},
			{
				"name": "Filter Table Type Dim",
				"type": "Filter",
				"dependsOn": [
					{
						"activity": "For Each Conformed Dimension",
						"dependencyConditions": [
							"Succeeded"
						]
					}
				],
				"userProperties": [],
				"typeProperties": {
					"items": {
						"value": "@activity('Input File Lookup').output.FirstRow.table",
						"type": "Expression"
					},
					"condition": {
						"value": "@if(empty(pipeline().parameters.TableName),if(empty(pipeline().parameters.DataSource),and(equals(item().TableType,'Dim'),equals(intersection(pipeline().parameters.TableType,array('Dim')),array('Dim'))),and(and(equals(item().TableType,'Dim'),equals(intersection(pipeline().parameters.TableType,array('Dim')),array('Dim'))),equals(pipeline().parameters.DataSource,item().DataSource))),and(equals(item().TableType,'Dim'),equals(item().Table,pipeline().parameters.TableName)))",
						"type": "Expression"
					}
				}
			},
			{
				"name": "Filter Table Type Fact",
				"type": "Filter",
				"dependsOn": [
					{
						"activity": "For Each Dimension Table",
						"dependencyConditions": [
							"Succeeded"
						]
					}
				],
				"userProperties": [],
				"typeProperties": {
					"items": {
						"value": "@activity('Input File Lookup').output.FirstRow.table",
						"type": "Expression"
					},
					"condition": {
						"value": "@if(empty(pipeline().parameters.TableName),if(empty(pipeline().parameters.DataSource),and(equals(item().TableType,'Fact'),equals(intersection(pipeline().parameters.TableType,array('Fact')),array('Fact'))),and(and(equals(item().TableType,'Fact'),equals(intersection(pipeline().parameters.TableType,array('Fact')),array('Fact'))),equals(pipeline().parameters.DataSource,item().DataSource))),and(equals(item().TableType,'Fact'),equals(item().Table,pipeline().parameters.TableName)))",
						"type": "Expression"
					}
				}
			},
			{
				"name": "Set Project Tag",
				"type": "SetVariable",
				"dependsOn": [],
				"userProperties": [],
				"typeProperties": {
					"variableName": "ProjectTag",
					"value": {
						"value": "@pipeline().parameters.SchedulerFilePath",
						"type": "Expression"
					}
				}
			},
			{
				"name": "For Each Conformed Dimension",
				"description": "Loops through each item in the config file.",
				"type": "ForEach",
				"dependsOn": [
					{
						"activity": "Filter Table Type Conformed Dim",
						"dependencyConditions": [
							"Succeeded"
						]
					}
				],
				"userProperties": [],
				"typeProperties": {
					"items": {
						"value": "@activity('Filter Table Type Conformed Dim').output.value",
						"type": "Expression"
					},
					"isSequential": false,
					"batchCount": 20,
					"activities": [
						{
							"name": "Execute_Scheduler_Table_Config_Lookup_ConformedDim",
							"type": "ExecutePipeline",
							"dependsOn": [],
							"userProperties": [
								{
									"name": "Value",
									"value": "@item().Table"
								}
							],
							"typeProperties": {
								"pipeline": {
									"referenceName": "Scheduler03-Table-Config-Lookup-Pipeline",
									"type": "PipelineReference"
								},
								"waitOnCompletion": true,
								"parameters": {
									"TableName": {
										"value": "@item().Table",
										"type": "Expression"
									},
									"ScheduledTime": {
										"value": "@variables('ScheduledTime')",
										"type": "Expression"
									},
									"DataSource": {
										"value": "@item().DataSource",
										"type": "Expression"
									},
									"SchemaName": {
										"value": "@item().Schema",
										"type": "Expression"
									},
									"FullLoadAllTables": {
										"value": "@pipeline().parameters.FullLoadAllTables",
										"type": "Expression"
									},
									"ProjectTag": {
										"value": "@variables('ProjectTag')",
										"type": "Expression"
									}
								}
							}
						}
					]
				}
			},
			{
				"name": "Filter Table Type Conformed Dim",
				"type": "Filter",
				"dependsOn": [
					{
						"activity": "For Each Dependent Table",
						"dependencyConditions": [
							"Succeeded"
						]
					}
				],
				"userProperties": [],
				"typeProperties": {
					"items": {
						"value": "@activity('Input File Lookup').output.FirstRow.table",
						"type": "Expression"
					},
					"condition": {
						"value": "@if(empty(pipeline().parameters.TableName),if(empty(pipeline().parameters.DataSource),and(equals(item().TableType,'ConformedDim'),equals(intersection(pipeline().parameters.TableType,array('ConformedDim')),array('ConformedDim'))),and(and(equals(item().TableType,'ConformedDim'),equals(intersection(pipeline().parameters.TableType,array('ConformedDim')),array('ConformedDim'))),equals(pipeline().parameters.DataSource,item().DataSource))),and(equals(item().TableType,'ConformedDim'),equals(item().Table,pipeline().parameters.TableName)))",
						"type": "Expression"
					}
				}
			}
		],
		"parameters": {
			"DataSource": {
				"type": "string"
			},
			"TableType": {
				"type": "array",
				"defaultValue": [
					"ConformedDim",
					"Dim",
					"Fact"
				]
			},
			"TableName": {
				"type": "string"
			},
			"FullLoadAllTables": {
				"type": "bool",
				"defaultValue": true
			},
			"SchedulerFilePath": {
				"type": "string",
				"defaultValue": "project-horizon"
			},
			"SchedulerName": {
				"type": "string"
			}
		},
		"variables": {
			"ScheduledTime": {
				"type": "String"
			},
			"ProjectTag": {
				"type": "String"
			}
		},
		"folder": {
			"name": "Schedulers"
		},
		"annotations": [
			"@pipeline().parameters.SchedulerFilePath",
			"@pipeline().parameters.SchedulerName"
		],
		"lastPublishTime": "2022-01-12T10:37:04Z"
	},
	"type": "Microsoft.DataFactory/factories/pipelines"
}