{
	"name": "Scheduler02-Parse-Config-Pipeline",
	"properties": {
		"description": "Parses json into different values for each table.",
		"activities": [
			{
				"name": "Input Table For Each",
				"description": "For each table in the tableConfig file.",
				"type": "ForEach",
				"dependsOn": [],
				"userProperties": [],
				"typeProperties": {
					"items": {
						"value": "@pipeline().parameters.Table.Pipeline",
						"type": "Expression"
					},
					"isSequential": true,
					"activities": [
						{
							"name": "Loop Through Scheduler01 Pipelines",
							"description": "Executes 4_Scheduler-Kickoff-Orchestration with parsed JSON in the parameters. ",
							"type": "ExecutePipeline",
							"dependsOn": [],
							"userProperties": [
								{
									"name": "Value",
									"value": "@pipeline().parameters.TableName"
								}
							],
							"typeProperties": {
								"pipeline": {
									"referenceName": "Scheduler01-Kickoff-Base-Orchestration-Pipeline",
									"type": "PipelineReference"
								},
								"waitOnCompletion": true,
								"parameters": {
									"Pipeline": {
										"value": "@item()",
										"type": "Expression"
									},
									"Year": {
										"value": "@formatDateTime(pipeline().parameters.ScheduledTime, 'yyyy')",
										"type": "Expression"
									},
									"Month": {
										"value": "@formatDateTime(pipeline().parameters.ScheduledTime, 'MM')",
										"type": "Expression"
									},
									"Day": {
										"value": "@formatDateTime(pipeline().parameters.ScheduledTime, 'dd')",
										"type": "Expression"
									},
									"FullLoadAllTables": {
										"value": "@pipeline().parameters.FullLoadAllTables",
										"type": "Expression"
									},
									"Hour": {
										"value": "@formatDateTime(pipeline().parameters.ScheduledTime, 'HH')",
										"type": "Expression"
									},
									"Minute": {
										"value": "@formatDateTime(pipeline().parameters.ScheduledTime, 'mm')",
										"type": "Expression"
									},
									"ProjectTag": {
										"value": "@pipeline().parameters.ProjectTag",
										"type": "Expression"
									},
									"ScheduledTime": {
										"value": "@pipeline().parameters.ScheduledTime",
										"type": "Expression"
									},
									"TableName": {
										"value": "@pipeline().parameters.TableName",
										"type": "Expression"
									}
								}
							}
						}
					]
				}
			}
		],
		"parameters": {
			"Table": {
				"type": "Object"
			},
			"ScheduledTime": {
				"type": "String"
			},
			"FullLoadAllTables": {
				"type": "bool",
				"defaultValue": false
			},
			"ProjectTag": {
				"type": "string"
			},
			"TableName": {
				"type": "string"
			}
		},
		"folder": {
			"name": "Schedulers"
		},
		"annotations": [
			"@pipeline().parameters.ProjectTag",
			"@pipeline().parameters.TableName"
		],
		"lastPublishTime": "2022-01-12T10:37:02Z"
	},
	"type": "Microsoft.DataFactory/factories/pipelines"
}