{
    "Pipeline": [
        {
            "OrchestrationPipelineName": "Base-Orchestration-Synapse-SP-Activity-Pipeline",
            "ActivityPipelineName": "Activity-Synapse-StoredProcedure-Pipeline",
            "InputValues": {
                "DataSource": "syndatawh",
                "SourceSchema": "misc",
                "ProcessingObject": {
                    "Procedures": [
                        {
                            "StoredProcedureSchema": "elt",
                            "StoredProcedureName": "udploadSAPTextData"
                        },
                        {
                            "StoredProcedureSchema": "elt",
                            "StoredProcedureName": "udploadDimUnitsofMeasureForMaterial"
                        },
                        {
                            "StoredProcedureSchema": "elt",
                            "StoredProcedureName": "udploadDimJobStatusOverview"
                        },
                        {
                            "StoredProcedureSchema": "elt",
                            "StoredProcedureName": "udploadDimExchangeRates"
                        },
						{
                            "StoredProcedureSchema": "elt",
                            "StoredProcedureName": "udpLoadDimMaterialUnitsOfMeasure"
                        },
						{
                            "StoredProcedureSchema": "elt",
                            "StoredProcedureName": "udpLoadDimCostCenterActivityType"
                        },
						{
                            "StoredProcedureSchema": "elt",
                            "StoredProcedureName": "udploadDimCustomerbyCompany"
                        },
						{
                            "StoredProcedureSchema": "elt",
                            "StoredProcedureName": "udpLoadDimVendorByCompany"
                        },
						{
                            "StoredProcedureSchema": "elt",
                            "StoredProcedureName": "udpLoadDimVendorByPurchasingOrganization"
                        },
						{
                            "StoredProcedureSchema": "elt",
                            "StoredProcedureName": "udpLoadDimUserData"
                        },
						{
                            "StoredProcedureSchema": "elt",
                            "StoredProcedureName": "udpLoadDimTaxClassificationforMaterial"
                        },
						{
                            "StoredProcedureSchema": "elt",
                            "StoredProcedureName": "udpLoadDimProfitCenter"
                        },
						{
                            "StoredProcedureSchema": "elt",
                            "StoredProcedureName": "udploadDimMaterialStorageTypeData"
                        },
						{
                            "StoredProcedureSchema": "elt",
                            "StoredProcedureName": "udploadDimMaterialMasterLegalControl"
                        },
						{
                            "StoredProcedureSchema": "elt",
                            "StoredProcedureName": "udploadDimMaterialInfoRecordPlantSpecific"
                        },
						{
                            "StoredProcedureSchema": "elt",
                            "StoredProcedureName": "udpLoadDimMaterialDatabyWarehouseNumber"
                        },
						{
                            "StoredProcedureSchema": "elt",
                            "StoredProcedureName": "udploadDimChangeMaster"
                        },
						{
                            "StoredProcedureSchema": "elt",
                            "StoredProcedureName": "udploadDimControlrecordIDoc"
                        },
						{
                            "StoredProcedureSchema": "elt",
                            "StoredProcedureName": "udploadDimCustomerMasterPartnerFunctions"
                        },
						{
                            "StoredProcedureSchema": "elt",
                            "StoredProcedureName": "udpLoadDimCustomercreditmanagementControlarea"
                        },
						{
                            "StoredProcedureSchema": "elt",
                            "StoredProcedureName": "udploadDimEMailAddresses"
                        },
						{
                            "StoredProcedureSchema": "elt",
                            "StoredProcedureName": "udploadDimEngineeringChangeManagement"
                        },
						{
                            "StoredProcedureSchema": "elt",
                            "StoredProcedureName": "udploadDimIndividualObjectStatus"
                        },
						{
                            "StoredProcedureSchema": "elt",
                            "StoredProcedureName": "udploadDimAssetMasterRecord"
                        },
						{
                            "StoredProcedureSchema": "elt",
                            "StoredProcedureName": "udploadDimAvailableCapacityShiftParameter"
                        },
						{
                            "StoredProcedureSchema": "elt",
                            "StoredProcedureName": "udploadDimBusinessPlace"
                        },
						{
                            "StoredProcedureSchema": "elt",
                            "StoredProcedureName": "udploadDimChangedocumentsforsystem"
                        },
						{
                            "StoredProcedureSchema": "elt",
                            "StoredProcedureName": "udpLoadDimCharacteristicClass"
                        },
						{
                            "StoredProcedureSchema": "elt",
                            "StoredProcedureName": "udploadDimCharacteristicObjectToClass"
                        },
						{
                            "StoredProcedureSchema": "elt",
                            "StoredProcedureName": "udploadDimConditionsHeader"
                        },
						{
                            "StoredProcedureSchema": "elt",
                            "StoredProcedureName": "udploadDimCostElement"
                        },
						{
                            "StoredProcedureSchema": "elt",
                            "StoredProcedureName": "udploadDimCustomerMaterialInfoRecord"
                        },
						{
                            "StoredProcedureSchema": "elt",
                            "StoredProcedureName": "udpLoadDimDocumentInfoRecord"
                        },
						{
                            "StoredProcedureSchema": "elt",
                            "StoredProcedureName": "udploadDimInfoRecordforNonStockItemPlantSpecific"
                        },
						{
                            "StoredProcedureSchema": "elt",
                            "StoredProcedureName": "udploadDimInspectiontypematerialparameters"
                        },
						{
                            "StoredProcedureSchema": "elt",
                            "StoredProcedureName": "udpLoadDimMaterialProductionVersions"
                        },
						{
                            "StoredProcedureSchema": "elt",
                            "StoredProcedureName": "udploadDimPaymentMediumFile"
                        },
						{
                            "StoredProcedureSchema": "elt",
                            "StoredProcedureName": "udpLoadDimPersonsBusinessAddressServices"
                        },
						{
                            "StoredProcedureSchema": "elt",
                            "StoredProcedureName": "udploadDimPurchasingInfoRecordGeneralData"
                        },
						{
                            "StoredProcedureSchema": "elt",
                            "StoredProcedureName": "udpLoadDimPurchasingSourceList"
                        },
						{
                            "StoredProcedureSchema": "elt",
                            "StoredProcedureName": "udpLoadDimSerialNumbersforPPOrder"
                        },
						{
                            "StoredProcedureSchema": "elt",
                            "StoredProcedureName": "udploadDimSetHierarchy"
                        },
						{
                            "StoredProcedureSchema": "elt",
                            "StoredProcedureName": "udpLoadDimStatusrecordIDoc"
                        },
						{
                            "StoredProcedureSchema": "elt",
                            "StoredProcedureName": "udpLoadDimHeaderDataforMRPDocument"
                        },
						{
                            "StoredProcedureSchema": "elt",
                            "StoredProcedureName": "udpLoadDimPlantMaintenanceObjectList"
                        },
						{
                            "StoredProcedureSchema": "elt",
                            "StoredProcedureName": "udpLoadDimReservationHeader"
                        },
						{
                            "StoredProcedureSchema": "elt",
                            "StoredProcedureName": "udploadDimSalesorgDistrChlCustomerMatEntered"
                        },
						{
                            "StoredProcedureSchema": "elt",
                            "StoredProcedureName": "udploadDimWorkCenterHeader"
                        },
						{
                            "StoredProcedureSchema": "elt",
                            "StoredProcedureName": "udploadDimWorkCenterProductionResourceToolText"
                        },
						{
                            "StoredProcedureSchema": "elt",
                            "StoredProcedureName": "udpLoadDimWorkCenterToCostCenterAssignment"
                        },
						{
                            "StoredProcedureSchema": "elt",
                            "StoredProcedureName": "udpLoadDimWorkflowRuntimeHeader"
                        },
						{
                            "StoredProcedureSchema": "elt",
                            "StoredProcedureName": "udpLoadDimWorkItemsAssignedtoaUser"
                        },
						{
                            "StoredProcedureSchema": "elt",
                            "StoredProcedureName": "udploadDimCOKeySubnumbers"
                        },
						{
                            "StoredProcedureSchema": "elt",
                            "StoredProcedureName": "udploadDimBOMSubitem"
                        },
						{
                            "StoredProcedureSchema": "elt",
                            "StoredProcedureName": "udploadDimPermanentBOMdata"
                        },
						{
                            "StoredProcedureSchema": "elt",
                            "StoredProcedureName": "udploadDimMaterialSalesData"
                        },
						{
                            "StoredProcedureSchema": "elt",
                            "StoredProcedureName": "udploadDimMaterialSubstitutionData"
                        },
						{
                            "StoredProcedureSchema": "elt",
                            "StoredProcedureName": "udploadDimSalesDocItemStatusBusinessData"
                        },
						{
                            "StoredProcedureSchema": "elt",
                            "StoredProcedureName": "udploadDimSalesOrderHeaderStatus"
                        },
						{
                            "StoredProcedureSchema": "elt",
                            "StoredProcedureName": "udpLoadDimWorkCenterCapacityAllocation"
                        },
						{
                            "StoredProcedureSchema": "elt",
                            "StoredProcedureName": "udploadDimWorkflowRuntimeRelation"
                        },
						{
                            "StoredProcedureSchema": "elt",
                            "StoredProcedureName": "udpLoadDimCompanyCodeHVR"
                        },
						{
                            "StoredProcedureSchema": "elt",
                            "StoredProcedureName": "udpLoadDimControllingOrderHVR"
                        },
						{
                            "StoredProcedureSchema": "elt",
                            "StoredProcedureName": "udpLoadDimCostCenterHVR"
                        },
						{
                            "StoredProcedureSchema": "elt",
                            "StoredProcedureName": "udpLoadDimGLAccountHVR"
                        },
						{
                            "StoredProcedureSchema": "elt",
                            "StoredProcedureName": "udpLoadDimVendorHVR"
                        },
						{
                            "StoredProcedureSchema": "elt",
                            "StoredProcedureName": "udpLoadDimPlantHVR"
                        },
						{
                            "StoredProcedureSchema": "elt",
                            "StoredProcedureName": "udpLoadDimCustomerHVR"
                        },
						{
                            "StoredProcedureSchema": "elt",
                            "StoredProcedureName": "udpLoadDimMaterialPlantHVR"
                        },
						{
                            "StoredProcedureSchema": "elt",
                            "StoredProcedureName": "udpLoadDimMaterialValuationHVR"
                        },
						{
                            "StoredProcedureSchema": "elt",
                            "StoredProcedureName": "udpLoadSDLookupHVR"
                        },
						{
                            "StoredProcedureSchema": "elt",
                            "StoredProcedureName": "udpLoadLookupTablesHVR"
                        },
						{
                            "StoredProcedureSchema": "elt",
                            "StoredProcedureName": "udpLoadFinanceLookupHVR"
                        },
						{
                            "StoredProcedureSchema": "elt",
                            "StoredProcedureName": "udpLoadDimDeliveryItemHVR"
                        },
						{
                            "StoredProcedureSchema": "elt",
                            "StoredProcedureName": "udpLoadDimHouseBankHVR"
                        },
						{
                            "StoredProcedureSchema": "elt",
                            "StoredProcedureName": "udpLoadDimBillingItemHVR"
                        },
						{
                            "StoredProcedureSchema": "elt",
                            "StoredProcedureName": "udpLoadDimMaterialHVR"
                        },
                        {
                            "StoredProcedureSchema": "elt",
                            "StoredProcedureName": "udpLoadDimMaterialClassificationHVR"
                        },
                        {
                            "StoredProcedureSchema": "elt",
                            "StoredProcedureName": "udpLoadDimSalesOrderItemHVR"
                        },
						{
                            "StoredProcedureSchema": "elt",
                            "StoredProcedureName": "udpLoadFactQuota"
                        },
						{
                            "StoredProcedureSchema": "elt",
                            "StoredProcedureName": "udploadFactQuantsData"
                        },
						{
                            "StoredProcedureSchema": "elt",
                            "StoredProcedureName": "udploadFactPurchaseRequisition"
                        },
						{
                            "StoredProcedureSchema": "elt",
                            "StoredProcedureName": "udpLoadFactAssetLineItems"
                        },
						{
                            "StoredProcedureSchema": "elt",
                            "StoredProcedureName": "udpLoadFactAssetMasterRecordSegment"
                        },
						{
                            "StoredProcedureSchema": "elt",
                            "StoredProcedureName": "udploadFactCapacityHeader"
                        },
						{
                            "StoredProcedureSchema": "elt",
                            "StoredProcedureName": "udploadFactCollectiveProcessingforSalesDocumentHeader"
                        },
						{
                            "StoredProcedureSchema": "elt",
                            "StoredProcedureName": "udpLoadFactConsignmentWithdrawals"
                        },
						{
                            "StoredProcedureSchema": "elt",
                            "StoredProcedureName": "UdpLoadFactDBstructureintheoperation"
                        },
						{
                            "StoredProcedureSchema": "elt",
                            "StoredProcedureName": "udploadFactConditionItem"
                        },
						{
                            "StoredProcedureSchema": "elt",
                            "StoredProcedureName": "udploadFactConditionsTransactionData"
                        },
						{
                            "StoredProcedureSchema": "elt",
                            "StoredProcedureName": "udploadFactCOObject"
                        },
						{
                            "StoredProcedureSchema": "elt",
                            "StoredProcedureName": "udploadFactCOObjectCostTotals"
                        },
						{
                            "StoredProcedureSchema": "elt",
                            "StoredProcedureName": "udploadFactCOObjectPriceTotals"
                        },
						{
                            "StoredProcedureSchema": "elt",
                            "StoredProcedureName": "udploadFactCOObjectWIPVariances"
                        },
						{
                            "StoredProcedureSchema": "elt",
                            "StoredProcedureName": "udploadFactCOTotalsRecord"
                        },
						{
                            "StoredProcedureSchema": "elt",
                            "StoredProcedureName": "udploadFactPurchasingInfoRecordOrganizationData"
                        },
						{
                            "StoredProcedureSchema": "elt",
                            "StoredProcedureName": "udploadFactSettlementdatafrompaymentprogram"
                        },
						{
                            "StoredProcedureSchema": "elt",
                            "StoredProcedureName": "udploadFactPurchaseRequisitionAccountAssignment"
                        },
						{
                            "StoredProcedureSchema": "elt",
                            "StoredProcedureName": "udploadFactSalesDocumentScheduleLine"
                        },
						{
                            "StoredProcedureSchema": "elt",
                            "StoredProcedureName": "udploadFactPlannedOrders"
                        },
						{
                            "StoredProcedureSchema": "elt",
                            "StoredProcedureName": "udploadFactProductionOrder"
                        },
						{
                            "StoredProcedureSchema": "elt",
                            "StoredProcedureName": "udploadFactProductCosting"
                        },
						{
                            "StoredProcedureSchema": "elt",
                            "StoredProcedureName": "udploadFactBillofMaterial"
                        },
						{
                            "StoredProcedureSchema": "elt",
                            "StoredProcedureName": "udploadFactGoodsmovementsfororder"
                        },
						{
                            "StoredProcedureSchema": "elt",
                            "StoredProcedureName": "UdpLoadFactOperationwithinanorder"
                        },
						{
                            "StoredProcedureSchema": "elt",
                            "StoredProcedureName": "udploadFactRouting"
                        },
					
						{
                            "StoredProcedureSchema": "elt",
                            "StoredProcedureName": "udpLoadAccountsPayableHVR"
                        },
						{
                            "StoredProcedureSchema": "elt",
                            "StoredProcedureName": "udpLoadAccountsReceivableHVR"
                        },
							{
                            "StoredProcedureSchema": "elt",
                            "StoredProcedureName": "udpLoadFactBatchLevelInventoryHVR"
                        },
							{
                            "StoredProcedureSchema": "elt",
                            "StoredProcedureName": "udpLoadGeneralLedgerHVR"
                        },
							{
                            "StoredProcedureSchema": "elt",
                            "StoredProcedureName": "udpLoadGLBalanceHVR"
                        },
							{
                            "StoredProcedureSchema": "elt",
                            "StoredProcedureName": "udpLoadFactGLStandardBalanceHVR"
                        },
							{
                            "StoredProcedureSchema": "elt",
                            "StoredProcedureName": "udpLoadFactInventoryHVR"
                        },
							{
                            "StoredProcedureSchema": "elt",
                            "StoredProcedureName": "udpLoadFactMaterialMovementsHVR"
                        },
							{
                            "StoredProcedureSchema": "elt",
                            "StoredProcedureName": "udpLoadPurchasingOrderHVR"
                        },
{
                            "StoredProcedureSchema": "elt",
                            "StoredProcedureName": "udploadFactAllocationofBOMitemstoOperations"
                        }
                    ]
                }
            }
        }
    ]
}
