{
    "Pipeline": [
        {
            "OrchestrationPipelineName": "Base-Orchestration-Kick-off-Database-Activity-Pipeline",
            "ActivityPipelineName": "Activity-LIBECCRTP-ODS-Copy-Pipeline",
            "InputValues": {
                "PackageName": "LoadMaterialRevision_AEOI",
                "DataSource": "LIBECCRTP",
                "SourceSchema": "sap",
                "SourceTable": "AEOI",
                "FullLoadIngestQuery": "Select MANDT,AENNR,AETYP,OBJKT,USOBJ,CCVMS,OITXT,LTXSP,AEDAT,AENAM,ANDAT,ANNAM,OBJDT,OBJNM,CCLCK,AEOST,REVLV,AEDTZ,CCSTO,CCOAA,CONT1 FROM [sap].[AEOI] where AETYP = '41' AND (AEDAT >= @startDate OR ANDAT >= @startDate OR OBJDT >= @startDate) AND REVLV <>''",
                "DeltaLoadIngestQuery": "Select MANDT,AENNR,AETYP,OBJKT,USOBJ,CCVMS,OITXT,LTXSP,AEDAT,AENAM,ANDAT,ANNAM,OBJDT,OBJNM,CCLCK,AEOST,REVLV,AEDTZ,CCSTO,CCOAA,CONT1 FROM [sap].[AEOI] where AETYP = '41' AND (AEDAT >= @startDate OR ANDAT >= @startDate OR OBJDT >= @startDate) AND REVLV <>''",
                "PreCopyScript": "TRUNCATE TABLE md.TempMaterialRevision",
                "TargetSchema": "md",
                "TargetTable": "TempMaterialRevision",
                "AuditSourceTable": "AEOI",
                "AuditDestinationTable": "md.MaterialRevision",
                "PreProcessing": {
                    "Procedures": [
                        {
                            "StoredProcedureSchema": "dbo",
                            "StoredProcedureName": "udpTransferControl_Simple_GetDateRange"
                        }
                    ]
                },
                "PostProcessing": {
                    "Procedures": [
                        {
                            "StoredProcedureSchema": "md",
                            "StoredProcedureName": "udpMaterialRevision_MergeFromTemp"
                        },
                        {
                            "StoredProcedureSchema": "dbo",
                            "StoredProcedureName": "udpTransferControl_Simple_AddRecord"
                        }
                    ]
                }
            }
        }
    ]
}