{
    "Pipeline": [
        {
            "OrchestrationPipelineName": "Base-Orchestration-Kick-off-Database-Activity-Pipeline",
            "ActivityPipelineName": "Activity-LIBECCRTP-ODS-Copy-Pipeline",
            "InputValues": {
                "PackageName": "LoadCharacteristic",
                "DataSource": "LIBECCRTP",
                "SourceSchema": "sap",
                "SourceTable": "CABN",
                "FullLoadIngestQuery": "select MANDT,ATINN,ADZHL,ATNAM,ATIDN,ATFOR,ANZST,ANZDZ,ATVOR,ATSCH,ATKLE,ATKON,ATEND,ATAEN,ATKLA,ATERF,ATEIN,ATAME,ATWME,MSEHI,ATDIM,ATGLO,ATGLA,ATINT,ATUNS,ATSON,ATTAB,ATFEL,ATTEI,ATPRT,ATPRR,ATPRF,ATWRD,ATFOD,ATHIE,ATDEX,ATFGA,ATVSC,ANAME,ADATU,VNAME,VDATU,ATXAC,ATYAC,ATMST,ATWSO,ATBSO,DATUV,TECHV,AENNR,LKENZ,ATWRI,DOKAR,DOKNR,DOKVR,DOKTL,KNOBJ,ATINP,ATVIE,WERKS,KATALOGART,AUSWAHLMGE,ATHKA,ATHKO,CLINT,ATTOL,ATZUS,ATVPL,ATAUTH,COUNTRYGRP from sap.CABN ",
                "DeltaLoadIngestQuery": "select MANDT,ATINN,ADZHL,ATNAM,ATIDN,ATFOR,ANZST,ANZDZ,ATVOR,ATSCH,ATKLE,ATKON,ATEND,ATAEN,ATKLA,ATERF,ATEIN,ATAME,ATWME,MSEHI,ATDIM,ATGLO,ATGLA,ATINT,ATUNS,ATSON,ATTAB,ATFEL,ATTEI,ATPRT,ATPRR,ATPRF,ATWRD,ATFOD,ATHIE,ATDEX,ATFGA,ATVSC,ANAME,ADATU,VNAME,VDATU,ATXAC,ATYAC,ATMST,ATWSO,ATBSO,DATUV,TECHV,AENNR,LKENZ,ATWRI,DOKAR,DOKNR,DOKVR,DOKTL,KNOBJ,ATINP,ATVIE,WERKS,KATALOGART,AUSWAHLMGE,ATHKA,ATHKO,CLINT,ATTOL,ATZUS,ATVPL,ATAUTH,COUNTRYGRP from sap.CABN ",
                "PreCopyScript": "Truncate TABLE mdsap.Characteristic",
                "TargetSchema": "mdsap",
                "TargetTable": "Characteristic",
                "AuditSourceTable": "CABN",
                "AuditDestinationTable": "md.Characteristic",
                "PreProcessing": {
                    "Procedures": [
                        {
                            "StoredProcedureSchema": "dbo",
                            "StoredProcedureName": "udpTransferControl_Simple_GetDateRange"
                        }
                    ]
                },
                "PostProcessing": {
                    "Procedures": [
                        {
                            "StoredProcedureSchema": "md",
                            "StoredProcedureName": "udpCharacteristic_MergeFromTemp"
                        },
                        {
                            "StoredProcedureSchema": "dbo",
                            "StoredProcedureName": "udpTransferControl_Simple_AddRecord"
                        }
                    ]
                }
            }
        }
    ]
}