{
    "Pipeline": [
        {
            "OrchestrationPipelineName": "Base-Orchestration-Kick-off-Database-Activity-Pipeline",
            "ActivityPipelineName": "Activity-LIBECCRTP-ODS-Copy-Pipeline",
            "InputValues": {
                "PackageName": "LoadWorkCenterCapacityAllocationCRCA",
                "DataSource": "LIBECCRTP",
                "SourceSchema": "sap",
                "SourceTable": "CRCA",
                "FullLoadIngestQuery": "select [MANDT],[OBJTY],[OBJID],[CANUM],[BEGDA],[ENDDA],[AEDAT_KAPA],[AENAM_KAPA],[KAPID],[FORK1],[FORK2] from sap.CRCA where (BEGDA <= @today AND ENDDA >= @today)",
                "DeltaLoadIngestQuery": "select [MANDT],[OBJTY],[OBJID],[CANUM],[BEGDA],[ENDDA],[AEDAT_KAPA],[AENAM_KAPA],[KAPID],[FORK1],[FORK2] from sap.CRCA where (BEGDA <= @today AND ENDDA >= @today)",
                "PreCopyScript": "Truncate TABLE pp.TempWorkCenterCapAlloc",
                "TargetSchema": "pp",
                "TargetTable": "TempWorkCenterCapAlloc",
                "AuditSourceTable": "CRCA",
                "AuditDestinationTable": "WorkCenterCapAlloc",
                "PreProcessing": {},
                "PostProcessing": {
                    "Procedures": [
                        {
                            "StoredProcedureSchema": "pp",
                            "StoredProcedureName": "udpWorkCenterCapAlloc_MergeFromTemp"
                        }
                    ]
                }
            }
        }
    ]
}