{
    "Pipeline": [
        {
            "OrchestrationPipelineName": "Base-Orchestration-Kick-off-Database-Activity-Pipeline",
            "ActivityPipelineName": "Activity-LIBECCRTP-ODS-Copy-Pipeline",
            "InputValues": {
                "PackageName": "LoadWorkCenterHeaderCRHD",
                "DataSource": "LIBECCRTP",
                "SourceSchema": "sap",
                "SourceTable": "CRHD",
                "FullLoadIngestQuery": "select MANDT,OBJTY,OBJID,BEGDA,ENDDA,AEDAT_GRND,AENAM_GRND,ARBPL,WERKS,VERWE,LVORM,STAND,VERAN,VGWTS,KTSCH,STEUS,KAPID,ORTGR,ZEIWN,ZWNOR,ZEIWM,ZWMIN,MATYP,PRVBE from sap.CRHD where (BEGDA <= @today AND ENDDA >= @today) AND WERKS IN (@plantList)",
                "DeltaLoadIngestQuery": "select MANDT,OBJTY,OBJID,BEGDA,ENDDA,AEDAT_GRND,AENAM_GRND,ARBPL,WERKS,VERWE,LVORM,STAND,VERAN,VGWTS,KTSCH,STEUS,KAPID,ORTGR,ZEIWN,ZWNOR,ZEIWM,ZWMIN,MATYP,PRVBE from sap.CRHD where (BEGDA <= @today AND ENDDA >= @today) AND WERKS IN (@plantList)",
                "PreCopyScript": "Truncate TABLE pp.TempWorkCenterHeader",
                "TargetSchema": "pp",
                "TargetTable": "TempWorkCenterHeader",
                "AuditSourceTable": "CRHD",
                "AuditDestinationTable": "WorkCenterHeader",
                "PreProcessing": {
                    "Procedures": [
                        {
                            "StoredProcedureSchema": "dbo",
                            "StoredProcedureName": "udpXtractIS_GetListOfActivePlantsForWhereClauseWithoutLeadingTrailingQuotes"
                        }
                    ]
                },
                "PostProcessing": {
                    "Procedures": [
                        {
                            "StoredProcedureSchema": "pp",
                            "StoredProcedureName": "udpWorkCenterHeader_MergeFromTemp"
                        }
                    ]
                }
            }
        }
    ]
}