{
    "Pipeline": [
        {
            "OrchestrationPipelineName": "Base-Orchestration-Kick-off-Database-Activity-Pipeline",
            "ActivityPipelineName": "Activity-LIBECCRTP-ODS-Copy-Pipeline",
            "InputValues": {
                "PackageName": "LoadPurchasingSourceList",
                "DataSource": "LIBECCRTP",
                "SourceSchema": "sap",
                "SourceTable": "EORD",
                "FullLoadIngestQuery": "select MANDT,MATNR,WERKS,ZEORD,ERDAT,ERNAM,VDATU,BDATU,LIFNR,FLIFN,EBELN,EBELP,FEBEL,EMATN,NOTKZ,EKORG,VRTYP,EORTP,AUTET,MEINS,LOGSY,SOBKZ from sap.EORD",
                "DeltaLoadIngestQuery": "select MANDT,MATNR,WERKS,ZEORD,ERDAT,ERNAM,VDATU,BDATU,LIFNR,FLIFN,EBELN,EBELP,FEBEL,EMATN,NOTKZ,EKORG,VRTYP,EORTP,AUTET,MEINS,LOGSY,SOBKZ from sap.EORD",
                "PreCopyScript": "Truncate table mm.TempPurchasingSourceList",
                "TargetSchema": "mm",
                "TargetTable": "TempPurchasingSourceList",
                "AuditSourceTable": "EORD",
                "AuditDestinationTable": "PurchasingSourceList",
                "PreProcessing": {
                    "Procedures": [
                        {
                            "StoredProcedureSchema": "dbo",
                            "StoredProcedureName": "udpTransferControl_Simple_GetDateRange"
                        }
                    ]
                },
                "PostProcessing": {
                    "Procedures": [
                        {
                            "StoredProcedureSchema": "mm",
                            "StoredProcedureName": "udpPurchasingSourceList_MergeFromTemp"
                        },
                        {
                            "StoredProcedureSchema": "md",
                            "StoredProcedureName": "udpMaterialPlant_UpdateSourceList"
                        },
                        {
                            "StoredProcedureSchema": "dbo",
                            "StoredProcedureName": "udpTransferControl_Simple_AddRecord"
                        }
                    ]
                }
            }
        }
    ]
}