{
    "Pipeline": [
        {
            "OrchestrationPipelineName": "Base-Orchestration-Kick-off-Database-Activity-Pipeline",
            "ActivityPipelineName": "Activity-LIBECCRTP-ODS-Copy-Pipeline",
            "InputValues": {
                "PackageName": "LoadQuotaHeaders_Items_EQUK_EQUP",
                "DataSource": "LIBECCRTP",
                "SourceSchema": "sap",
                "SourceTable": "EQUK",
                "FullLoadIngestQuery": "Select [MANDT],[MATNR],[WERKS],[BDATU],[VDATU],[QUNUM],[ERDAT],[ERNAM],[SCMNG] FROM [sap].[EQUK]",
                "DeltaLoadIngestQuery": "Select [MANDT],[MATNR],[WERKS],[BDATU],[VDATU],[QUNUM],[ERDAT],[ERNAM],[SCMNG] FROM [sap].[EQUK]",
                "PreCopyScript": "TRUNCATE TABLE mm.TempQuotaHeader",
                "TargetSchema": "mm",
                "TargetTable": "TempQuotaHeader",
                "AuditSourceTable": "",
                "AuditDestinationTable": "",
                "PreProcessing": {
                    "Procedures": [
                        {
                            "StoredProcedureSchema": "dbo",
                            "StoredProcedureName": "udpXtractIS_GetListOfActivePlantsForWhereClauseWithoutLeadingTrailingQuotes"
                        }
                    ]
                },
                "PostProcessing": {}
            }
        },
        {
            "OrchestrationPipelineName": "Base-Orchestration-Kick-off-Database-Activity-Pipeline",
            "ActivityPipelineName": "Activity-LIBECCRTP-ODS-Copy-Pipeline",
            "InputValues": {
                "PackageName": "LoadQuotaHeaders_Items_EQUK_EQUP",
                "DataSource": "LIBECCRTP",
                "SourceSchema": "sap",
                "SourceTable": "EQUP",
                "FullLoadIngestQuery": "Select [MANDT],[QUNUM],[QUPOS],[BESKZ],[SOBES],[LIFNR],[BEWRK],[QUOTE],[QUBMG],[QUMNG],[MAXMG],[VERID],[MAXLS],[MINLS],[RDPRF],[KZEIN],[ABRMG],[ABPER],[ABANZ],[PREIH],[EMATN],[PLIFZ] FROM [sap].[EQUP]",
                "DeltaLoadIngestQuery": "Select [MANDT],[QUNUM],[QUPOS],[BESKZ],[SOBES],[LIFNR],[BEWRK],[QUOTE],[QUBMG],[QUMNG],[MAXMG],[VERID],[MAXLS],[MINLS],[RDPRF],[KZEIN],[ABRMG],[ABPER],[ABANZ],[PREIH],[EMATN],[PLIFZ] FROM [sap].[EQUP]",
                "PreCopyScript": "TRUNCATE TABLE mm.TempQuotaItem",
                "TargetSchema": "mm",
                "TargetTable": "TempQuotaItem",
                "AuditSourceTable": "",
                "AuditDestinationTable": "",
                "PreProcessing": {},
                "PostProcessing": {
                    "Procedures": [
                        {
                            "StoredProcedureSchema": "mm",
                            "StoredProcedureName": "udpTempQuotaItem_CleanUp"
                        },
                        {
                            "StoredProcedureSchema": "mm",
                            "StoredProcedureName": "udpTempQuotaHeader_UpdateIds"
                        },
                        {
                            "StoredProcedureSchema": "mm",
                            "StoredProcedureName": "udpQuotaHeader_MergeFromTemp"
                        },
                        {
                            "StoredProcedureSchema": "mm",
                            "StoredProcedureName": "udpQuotaItem_MergeFromTemp"
                        }
                    ]
                }
            }
        }
    ]
}