{
    "Pipeline": [
        {
            "OrchestrationPipelineName": "Base-Orchestration-Kick-off-Database-Activity-Pipeline",
            "ActivityPipelineName": "Activity-LIBECCRTP-ODS-Copy-Pipeline",
            "InputValues": {
                "PackageName": "LoadCapacityHeaderKAKO",
                "DataSource": "LIBECCRTP",
                "SourceSchema": "sap",
                "SourceTable": "KAKO",
                "FullLoadIngestQuery": "Select [MANDT],[KAPID],[AZNOR],[BEGZT],[ENDZT],[KALID],[KAPAR],[MEINS],[MOSID],[NAME],[NGRAD],[PAUSE],[PLANR],[POOLK],[WERKS],[KAPEH],[TYPE],[RESTYPE] FROM [sap].[KAKO] Where WERKS IN (@plantList)",
                "DeltaLoadIngestQuery": "Select [MANDT],[KAPID],[AZNOR],[BEGZT],[ENDZT],[KALID],[KAPAR],[MEINS],[MOSID],[NAME],[NGRAD],[PAUSE],[PLANR],[POOLK],[WERKS],[KAPEH],[TYPE],[RESTYPE] FROM [sap].[KAKO] Where WERKS IN (@plantList)",
                "PreCopyScript": "TRUNCATE TABLE pp.TempCapacityHeader",
                "TargetSchema": "pp",
                "TargetTable": "TempCapacityHeader",
                "AuditSourceTable": "",
                "AuditDestinationTable": "",
                "PreProcessing": {
                    "Procedures": [
                        {
                            "StoredProcedureSchema": "dbo",
                            "StoredProcedureName": "udpXtractIS_GetListOfActivePlantsForWhereClauseWithoutLeadingTrailingQuotes"
                        }
                    ]
                },
                "PostProcessing": {
                    "Procedures": [
                        {
                            "StoredProcedureSchema": "pp",
                            "StoredProcedureName": "udpCapacityHeader_MergeFromTemp"
                        }
                    ]
                }
            }
        }
    ]
}