{
    "Pipeline": [
        {
            "OrchestrationPipelineName": "Base-Orchestration-Kick-off-Database-Activity-Pipeline",
            "ActivityPipelineName": "Activity-LIBECCRTP-ODS-Copy-Pipeline",
            "InputValues": {
                "PackageName": "LoadAvailableCapacityShiftParametersKAPA",
                "DataSource": "LIBECCRTP",
                "SourceSchema": "sap",
                "SourceTable": "KAPA",
                "FullLoadIngestQuery": "select MANDT,KAPID,VERSN,DATUB,TAGNR,SCHNR,ANZHL,BEGZT,EINZT,ENDZT,FABTG,KAPAZ,PAUSE,NGRAD,TPROG,WOTAG,ANG_MIN,ANG_MAX from sap.KAPA",
                "DeltaLoadIngestQuery": "select MANDT,KAPID,VERSN,DATUB,TAGNR,SCHNR,ANZHL,BEGZT,EINZT,ENDZT,FABTG,KAPAZ,PAUSE,NGRAD,TPROG,WOTAG,ANG_MIN,ANG_MAX from sap.KAPA",
                "PreCopyScript": "Truncate TABLE pp.TempAvailableCapacityShiftParameters",
                "TargetSchema": "pp",
                "TargetTable": "TempAvailableCapacityShiftParameters",
                "AuditSourceTable": "KAPA",
                "AuditDestinationTable": "pp.AvailableCapacityShiftParameters",
                "PreProcessing": {
                    "Procedures": [
                        {
                            "StoredProcedureSchema": "dbo",
                            "StoredProcedureName": "udpTransferControl_Simple_GetDateRange"
                        }
                    ]
                },
                "PostProcessing": {
                    "Procedures": [
                        {
                            "StoredProcedureSchema": "pp",
                            "StoredProcedureName": "udpAvailableCapacityShiftParam_MergeFromTemp"
                        },
                        {
                            "StoredProcedureSchema": "dbo",
                            "StoredProcedureName": "udpTransferControl_Simple_AddRecord"
                        }
                    ]
                }
            }
        }
    ]
}