{
    "Pipeline": [
        {
            "OrchestrationPipelineName": "Base-Orchestration-Kick-off-Database-Activity-Pipeline",
            "ActivityPipelineName": "Activity-LIBECCRTP-ODS-Copy-Pipeline",
            "InputValues": {
                "PackageName": "LoadAvailableCapacityIntervalKAZY",
                "DataSource": "LIBECCRTP",
                "SourceSchema": "sap",
                "SourceTable": "KAZY",
                "FullLoadIngestQuery": "select MANDT,KAPID,VERSN,DATUB,ANZHL,FABTG,NGRAD,WOTAG,ANZSH,ANZTG,SPROG,KKOPF from sap.KAZY",
                "DeltaLoadIngestQuery": "select MANDT,KAPID,VERSN,DATUB,ANZHL,FABTG,NGRAD,WOTAG,ANZSH,ANZTG,SPROG,KKOPF from sap.KAZY",
                "PreCopyScript": "Truncate TABLE pp.TempAvailableCapacityInterval",
                "TargetSchema": "pp",
                "TargetTable": "TempAvailableCapacityInterval",
                "AuditSourceTable": "KAZY",
                "AuditDestinationTable": "pp.AvailableCapacityInterval",
                "PreProcessing": {
                    "Procedures": [
                        {
                            "StoredProcedureSchema": "dbo",
                            "StoredProcedureName": "udpTransferControl_Simple_GetDateRange"
                        }
                    ]
                },
                "PostProcessing": {
                    "Procedures": [
                        {
                            "StoredProcedureSchema": "pp",
                            "StoredProcedureName": "udpAvailableCapacityInterval_MERGEFromTem"
                        },
                        {
                            "StoredProcedureSchema": "dbo",
                            "StoredProcedureName": "udpTransferControl_Simple_AddRecord"
                        }
                    ]
                }
            }
        }
    ]
}