{
    "Pipeline": [
        {
            "OrchestrationPipelineName": "Base-Orchestration-Kick-off-Database-Activity-Pipeline",
            "ActivityPipelineName": "Activity-LIBECCRTP-ODS-Copy-Pipeline",
            "InputValues": {
                "PackageName": "LoadCustomerCreditControlArea",
                "DataSource": "LIBECCRTP",
                "SourceSchema": "sap",
                "SourceTable": "KNKK",
                "FullLoadIngestQuery": "select MANDT,KUNNR,KKBER,KLIMK,KNKLI,SAUFT,SKFOR,SSOBL,UEDAT,XCHNG,ERNAM,ERDAT,CTLPC,DTREV,CRBLB,SBGRP,NXTRV,KRAUS,REVDB,AEDAT,AETXT,GRUPP,AENAM,SBDAT,KDGRP,CASHD,CASHA,DBPAY,DBRTG,DBEKR,DBWAE,DBMON,ABSBT from sap.KNKK Where ERDAT >= @startDate OR AEDAT >= @startDate",
                "DeltaLoadIngestQuery": "select MANDT,KUNNR,KKBER,KLIMK,KNKLI,SAUFT,SKFOR,SSOBL,UEDAT,XCHNG,ERNAM,ERDAT,CTLPC,DTREV,CRBLB,SBGRP,NXTRV,KRAUS,REVDB,AEDAT,AETXT,GRUPP,AENAM,SBDAT,KDGRP,CASHD,CASHA,DBPAY,DBRTG,DBEKR,DBWAE,DBMON,ABSBT from sap.KNKK Where ERDAT >= @startDate OR AEDAT >= @startDate",
                "PreCopyScript": "Truncate TABLE dbo.TempCustomerCreditControlArea",
                "TargetSchema": "dbo",
                "TargetTable": "TempCustomerCreditControlArea",
                "AuditSourceTable": "",
                "AuditDestinationTable": "",
                "PreProcessing": {
                    "Procedures": [
                        {
                            "StoredProcedureSchema": "dbo",
                            "StoredProcedureName": "udpTransferControl_Simple_GetDateRange"
                        }
                    ]
                },
                "PostProcessing": {
                    "Procedures": [
                        {
                            "StoredProcedureSchema": "dbo",
                            "StoredProcedureName": "udpCustomerCreditControlArea_MergeFromTemp"
                        },
                        {
                            "StoredProcedureSchema": "dbo",
                            "StoredProcedureName": "udpTransferControl_Simple_AddRecord"
                        }
                    ]
                }
            }
        }
    ]
}