{
    "Pipeline": [
        {
            "OrchestrationPipelineName": "Base-Orchestration-Kick-off-Database-Activity-Pipeline",
            "ActivityPipelineName": "Activity-LIBECCRTP-ODS-Copy-Pipeline",
            "InputValues": {
                "PackageName": "LoadCustomerMaterial",
                "DataSource": "LIBECCRTP",
                "SourceSchema": "sap",
                "SourceTable": "KNMT",
                "FullLoadIngestQuery": "select MANDT,KUNNR,VKORG,VTWEG,MATNR,ERNAM,ERDAT,SORTL,KDMAT,POSTX,LPRIO,MINLF,MEINS,CHSPL,KZTLF,ANTLF,UNTTO,UEBTO,UEBTK,WERKS,RDPRF,MEGRU,VWPOS from sap.KNMT ",
                "DeltaLoadIngestQuery": "select MANDT,KUNNR,VKORG,VTWEG,MATNR,ERNAM,ERDAT,SORTL,KDMAT,POSTX,LPRIO,MINLF,MEINS,CHSPL,KZTLF,ANTLF,UNTTO,UEBTO,UEBTK,WERKS,RDPRF,MEGRU,VWPOS from sap.KNMT ",
                "PreCopyScript": "Truncate TABLE TempCustomerMaterial",
                "TargetSchema": "dbo",
                "TargetTable": "TempCustomerMaterial",
                "AuditSourceTable": "KNMT",
                "AuditDestinationTable": "CustomerMaterial",
                "PreProcessing": {
                    "Procedures": [
                        {
                            "StoredProcedureSchema": "dbo",
                            "StoredProcedureName": "udpTransferControl_Simple_GetDateRange"
                        }
                    ]
                },
                "PostProcessing": {
                    "Procedures": [
                        {
                            "StoredProcedureSchema": "dbo",
                            "StoredProcedureName": "udpCustomerMaterial_MergeFromTemp"
                        },
                        {
                            "StoredProcedureSchema": "dbo",
                            "StoredProcedureName": "udpTransferControl_Simple_AddRecord"
                        }
                    ]
                }
            }
        }
    ]
}