{
    "Pipeline": [
        {
            "OrchestrationPipelineName": "Base-Orchestration-Kick-off-Database-Activity-Pipeline",
            "ActivityPipelineName": "Activity-LIBECCRTP-ODS-Copy-Pipeline",
            "InputValues": {
                "PackageName": "LoadVendor",
                "DataSource": "LIBECCRTP",
                "SourceSchema": "sap",
                "SourceTable": "LFA1",
                "FullLoadIngestQuery": "select MANDT,LIFNR,LAND1,NAME1,ORT01,PSTLZ,REGIO,SORTL,STRAS,ADRNR,MCOD1,MCOD3,BAHNS,BBBNR,BRSCH,DTAWS,ERDAT,KONZS,SPRAS,LTSNA,WERKR,DUEFL,TAXBS,UPTIM,J_SC_CAPITAL,ZZEX_LIFNR,LOEVM,NAME2,PFACH,PSTL2,ERNAM,KTOKK,SPERR,SPERM,STCD1,STCD2,TELF1,TELF2,TELFX,SPERQ,KRAUS,ZZEX_LGTYP,ZZASN_PROCES  from sap.LFA1 ",
                "DeltaLoadIngestQuery": "select MANDT,LIFNR,LAND1,NAME1,ORT01,PSTLZ,REGIO,SORTL,STRAS,ADRNR,MCOD1,MCOD3,BAHNS,BBBNR,BRSCH,DTAWS,ERDAT,KONZS,SPRAS,LTSNA,WERKR,DUEFL,TAXBS,UPTIM,J_SC_CAPITAL,ZZEX_LIFNR,LOEVM,NAME2,PFACH,PSTL2,ERNAM,KTOKK,SPERR,SPERM,STCD1,STCD2,TELF1,TELF2,TELFX,SPERQ,KRAUS,ZZEX_LGTYP,ZZASN_PROCES  from sap.LFA1 ",
                "PreCopyScript": "Truncate TABLE mm.TempVendor",
                "TargetSchema": "mm",
                "TargetTable": "TempVendor",
                "AuditSourceTable": "LFA1",
                "AuditDestinationTable": "Vendor",
                "PreProcessing": {
                    "Procedures": [
                        {
                            "StoredProcedureSchema": "dbo",
                            "StoredProcedureName": "udpTransferControl_Simple_GetDateRange"
                        }
                    ]
                },
                "PostProcessing": {
                    "Procedures": [
                        {
                            "StoredProcedureSchema": "mm",
                            "StoredProcedureName": "udpVendor_MergeFromTemp"
                        },
                        {
                            "StoredProcedureSchema": "dbo",
                            "StoredProcedureName": "udpTransferControl_Simple_AddRecord"
                        }
                    ]
                }
            }
        }
    ]
}