{
    "Pipeline": [
        {
            "OrchestrationPipelineName": "Base-Orchestration-Kick-off-Database-Activity-Pipeline",
            "ActivityPipelineName": "Activity-LIBECCRTP-ODS-Copy-Pipeline",
            "InputValues": {
                "PackageName": "LoadVendorByCompany",
                "DataSource": "LIBECCRTP",
                "SourceSchema": "sap",
                "SourceTable": "LFB1",
                "FullLoadIngestQuery": "select top 2 MANDT,LIFNR,BUKRS,PERNR,ERDAT,ERNAM,SPERR,LOEVM,ZUAWA,AKONT,ZWELS,ZAHLS,ZTERM,EIKTO,ZSABE,FDGRV,BUSAB,LNRZE,REPRF,HBKID,XPORE,QSSKZ,ALTKN,ZGRUP,UZAWE,QLAND,XEDIP,TOGRR,INTAD,GUZTE,UPDAT,UPTIM,NODEL from sap.LFB1 Where BUKRS Like 'W%'",
                "DeltaLoadIngestQuery": "select top 2 MANDT,LIFNR,BUKRS,PERNR,ERDAT,ERNAM,SPERR,LOEVM,ZUAWA,AKONT,ZWELS,ZAHLS,ZTERM,EIKTO,ZSABE,FDGRV,BUSAB,LNRZE,REPRF,HBKID,XPORE,QSSKZ,ALTKN,ZGRUP,UZAWE,QLAND,XEDIP,TOGRR,INTAD,GUZTE,UPDAT,UPTIM,NODEL from sap.LFB1 Where BUKRS Like 'W%'",
                "PreCopyScript": "Truncate TABLE mm.TempVendorByCompany",
                "TargetSchema": "mm",
                "TargetTable": "TempVendorByCompany",
                "AuditSourceTable": "LFB1",
                "AuditDestinationTable": "VendorByCompany",
                "PreProcessing": {
                    "Procedures": [
                        {
                            "StoredProcedureSchema": "dbo",
                            "StoredProcedureName": "udpTransferControl_Simple_GetDateRange"
                        }
                    ]
                },
                "PostProcessing": {
                    "Procedures": [
                        {
                            "StoredProcedureSchema": "mm",
                            "StoredProcedureName": "udpVendorByCompany_MergeFromTemp"
                        },
                        {
                            "StoredProcedureSchema": "dbo",
                            "StoredProcedureName": "udpTransferControl_Simple_AddRecord"
                        }
                    ]
                }
            }
        }
    ]
}