{
    "Pipeline": [
        {
            "OrchestrationPipelineName": "Base-Orchestration-Kick-off-Database-Activity-Pipeline",
            "ActivityPipelineName": "Activity-LIBECCRTP-ODS-Copy-Pipeline",
            "InputValues": {
                "PackageName": "LoadVendorByPurchasingOrganization",
                "DataSource": "LIBECCRTP",
                "SourceSchema": "sap",
                "SourceTable": "LFM1",
                "FullLoadIngestQuery": "select MANDT,LIFNR,EKORG,ERDAT,ERNAM,SPERM,LOEVM,LFABC,WAERS,VERKF,TELF1,MINBW,ZTERM,INCO1,INCO2,WEBRE,KZABS,KALSK,KZAUT,EXPVZ,ZOLLA,MEPRF,EKGRP,XERSY,PLIFZ,MRPPP,LFRHY,LIPRE,LISER,PRFRE,NRGEW,BOIND,BLIND,KZRET,SKRIT,BSTAE,RDPRF,MEGRU,VENSL,BOPNR,XERSR,EIKTO,ABUEB,PAPRF,AGREL,XNBWY,VSBED,LEBRE,BOLRE,UMSAE from sap.LFM1",
                "DeltaLoadIngestQuery": "select MANDT,LIFNR,EKORG,ERDAT,ERNAM,SPERM,LOEVM,LFABC,WAERS,VERKF,TELF1,MINBW,ZTERM,INCO1,INCO2,WEBRE,KZABS,KALSK,KZAUT,EXPVZ,ZOLLA,MEPRF,EKGRP,XERSY,PLIFZ,MRPPP,LFRHY,LIPRE,LISER,PRFRE,NRGEW,BOIND,BLIND,KZRET,SKRIT,BSTAE,RDPRF,MEGRU,VENSL,BOPNR,XERSR,EIKTO,ABUEB,PAPRF,AGREL,XNBWY,VSBED,LEBRE,BOLRE,UMSAE from sap.LFM1",
                "PreCopyScript": "Truncate TABLE mm.TempVendorByPurchasingOrganization",
                "TargetSchema": "mm",
                "TargetTable": "TempVendorByPurchasingOrganization",
                "AuditSourceTable": "LFM1",
                "AuditDestinationTable": "mm.VendorByPurchasingOrganization",
                "PreProcessing": {
                    "Procedures": [
                        {
                            "StoredProcedureSchema": "dbo",
                            "StoredProcedureName": "udpTransferControl_Simple_GetDateRange"
                        }
                    ]
                },
                "PostProcessing": {
                    "Procedures": [
                        {
                            "StoredProcedureSchema": "md",
                            "StoredProcedureName": "udpVendorByPurchasingOrganization_Update"
                        },
                        {
                            "StoredProcedureSchema": "md",
                            "StoredProcedureName": "udpVendorByPurchasingOrganization_UpdateIDs"
                        },
                        {
                            "StoredProcedureSchema": "dbo",
                            "StoredProcedureName": "udpTransferControl_Simple_AddRecord"
                        }
                    ]
                }
            }
        }
    ]
}