{
    "Pipeline": [
        {
            "OrchestrationPipelineName": "Base-Orchestration-Kick-off-Database-Activity-Pipeline",
            "ActivityPipelineName": "Activity-LIBECCRTP-ODS-Copy-Pipeline",
            "InputValues": {
                "PackageName": "LoadMaterialMasterLegalControlMAEX",
                "DataSource": "LIBECCRTP",
                "SourceSchema": "sap",
                "SourceTable": "MAEX",
                "FullLoadIngestQuery": "select MANDT,MATNR,ALAND,GEGRU,ALNUM,EMBGR,PMAST,SECGK from sap.MAEX",
                "DeltaLoadIngestQuery": "select MANDT,MATNR,ALAND,GEGRU,ALNUM,EMBGR,PMAST,SECGK from sap.MAEX",
                "PreCopyScript": "Truncate table mm.tempmaterialmasterlegalcontrol",
                "TargetSchema": "mm",
                "TargetTable": "TempMaterialMasterLegalControl",
                "AuditSourceTable": "MAEX",
                "AuditDestinationTable": "MaterialMasterLegalControl",
                "PreProcessing": {
                    "QuartersToKeep": "3",
                    "Procedures": [
                        {
                            "StoredProcedureSchema": "dbo",
                            "StoredProcedureName": "udpTransferControl_Simple_GetDateRange"
                        }
                    ]
                },
                "PostProcessing": {
                    "Procedures": [
                        {
                            "StoredProcedureSchema": "mm",
                            "StoredProcedureName": "udpMaterialMasterLegalControl_MergeFromTemp"
                        },
                        {
                            "StoredProcedureSchema": "dbo",
                            "StoredProcedureName": "udpTransferControl_Simple_AddRecord"
                        }
                    ]
                }
            }
        }
    ]
}