{
    "Pipeline": [
        {
            "OrchestrationPipelineName": "Base-Orchestration-Kick-off-Database-Activity-Pipeline",
            "ActivityPipelineName": "Activity-LIBECCRTP-ODS-Copy-Pipeline",
            "InputValues": {
                "PackageName": "LoadMaterial",
                "DataSource": "LIBECCRTP",
                "SourceSchema": "sap",
                "SourceTable": "MARA",
                "FullLoadIngestQuery": "select [MANDT],[MATNR],[ERSDA],[ERNAM],[LAEDA],[AENAM],[VPSTA],[PSTAT],[LVORM],[MTART],[MBRSH],[MATKL],[BISMT],[MEINS],[BSTME],[ZEINR],[ZEIAR],[ZEIVR],[ZEIFO],[AESZN],[BLATT],[BLANZ],[FERTH],[FORMT],[GROES],[WRKST],[NORMT],[LABOR],[EKWSL],[BRGEW],[NTGEW],[GEWEI],[VOLUM],[VOLEH],[BEHVO],[RAUBE],[TEMPB],[DISST],[TRAGR],[STOFF],[SPART],[KUNNR],[EANNR],[WESCH],[BWVOR],[BWSCL],[SAISO],[ETIAR],[ETIFO],[ENTAR],[EAN11],[NUMTP],[LAENG],[BREIT],[HOEHE],[MEABM],[PRDHA],[AEKLK],[CADKZ],[QMPUR],[ERGEW],[ERGEI],[ERVOL],[ERVOE],[GEWTO],[VOLTO],[VABME],[KZREV],[KZKFG],[XCHPF],[VHART],[FUELG],[STFAK],[MAGRV],[BEGRU],[DATAB],[LIQDT],[SAISJ],[PLGTP],[MLGUT],[EXTWG],[SATNR],[ATTYP],[KZKUP],[KZNFM],[PMATA],[MSTAE],[MSTAV],[MSTDE],[MSTDV],[TAKLV],[RBNRM],[MHDRZ],[MHDHB],[MHDLP],[INHME],[INHAL],[VPREH],[ETIAG],[INHBR],[CMETH],[CUOBF],[KZUMW],[KOSCH],[SPROF],[NRFHG],[MFRPN],[MFRNR],[BMATN],[MPROF],[KZWSM],[SAITY],[PROFL],[IHIVI],[ILOOS],[SERLV],[KZGVH],[XGCHP],[KZEFF],[COMPL],[IPRKZ],[RDMHD],[PRZUS],[MTPOS_MARA],[BFLME],[MATFI],[CMREL],[BBTYP],[SLED_BBD],[GTIN_VARIANT],[GENNR],[RMATP],[GDS_RELEVANT],[/BEV1/LULEINH],[/BEV1/LULDEGRP],[/DSD/VC_GROUP],[/VSO/R_TILT_IND],[/VSO/R_STACK_IND],[/VSO/R_BOT_IND],[/VSO/R_TOP_IND],[/VSO/R_STACK_NO],[/VSO/R_PAL_IND],[/VSO/R_PAL_OVR_D],[/VSO/R_PAL_OVR_W],[/VSO/R_PAL_B_HT],[/VSO/R_PAL_MIN_H],[/VSO/R_TOL_B_HT],[/VSO/R_NO_P_GVH],[/VSO/R_QUAN_UNIT],[/VSO/R_KZGVH_IND],[FASHGRD],[ZZLCN],[ZDEVM],[ZZLTB],[ZLODT],[ZLSDT],[ZZLDT],[ZZFCS],[ZFCSD],[ZZMARKET_SEGMENT],[ZZEXT_MATERIAL],[ZZREPL_ECOM],[ZZREPL_DOCS],[ZZGDPW],[ZZPSRCPLT],[ZZREPL_EMATL],[ZDIE_PICK_METHOD],[ZZPART_SUBST],[ZZSCP_ALTERNATE],[ZZMARK_LINE1],[ZZMARK_LINE2],[ZZMARK_LINE3],[ZZWEB_PART],[ZZFCAST_PART] from sap.MARA;",
                "DeltaLoadIngestQuery": "select [MANDT],[MATNR],[ERSDA],[ERNAM],[LAEDA],[AENAM],[VPSTA],[PSTAT],[LVORM],[MTART],[MBRSH],[MATKL],[BISMT],[MEINS],[BSTME],[ZEINR],[ZEIAR],[ZEIVR],[ZEIFO],[AESZN],[BLATT],[BLANZ],[FERTH],[FORMT],[GROES],[WRKST],[NORMT],[LABOR],[EKWSL],[BRGEW],[NTGEW],[GEWEI],[VOLUM],[VOLEH],[BEHVO],[RAUBE],[TEMPB],[DISST],[TRAGR],[STOFF],[SPART],[KUNNR],[EANNR],[WESCH],[BWVOR],[BWSCL],[SAISO],[ETIAR],[ETIFO],[ENTAR],[EAN11],[NUMTP],[LAENG],[BREIT],[HOEHE],[MEABM],[PRDHA],[AEKLK],[CADKZ],[QMPUR],[ERGEW],[ERGEI],[ERVOL],[ERVOE],[GEWTO],[VOLTO],[VABME],[KZREV],[KZKFG],[XCHPF],[VHART],[FUELG],[STFAK],[MAGRV],[BEGRU],[DATAB],[LIQDT],[SAISJ],[PLGTP],[MLGUT],[EXTWG],[SATNR],[ATTYP],[KZKUP],[KZNFM],[PMATA],[MSTAE],[MSTAV],[MSTDE],[MSTDV],[TAKLV],[RBNRM],[MHDRZ],[MHDHB],[MHDLP],[INHME],[INHAL],[VPREH],[ETIAG],[INHBR],[CMETH],[CUOBF],[KZUMW],[KOSCH],[SPROF],[NRFHG],[MFRPN],[MFRNR],[BMATN],[MPROF],[KZWSM],[SAITY],[PROFL],[IHIVI],[ILOOS],[SERLV],[KZGVH],[XGCHP],[KZEFF],[COMPL],[IPRKZ],[RDMHD],[PRZUS],[MTPOS_MARA],[BFLME],[MATFI],[CMREL],[BBTYP],[SLED_BBD],[GTIN_VARIANT],[GENNR],[RMATP],[GDS_RELEVANT],[/BEV1/LULEINH],[/BEV1/LULDEGRP],[/DSD/VC_GROUP],[/VSO/R_TILT_IND],[/VSO/R_STACK_IND],[/VSO/R_BOT_IND],[/VSO/R_TOP_IND],[/VSO/R_STACK_NO],[/VSO/R_PAL_IND],[/VSO/R_PAL_OVR_D],[/VSO/R_PAL_OVR_W],[/VSO/R_PAL_B_HT],[/VSO/R_PAL_MIN_H],[/VSO/R_TOL_B_HT],[/VSO/R_NO_P_GVH],[/VSO/R_QUAN_UNIT],[/VSO/R_KZGVH_IND],[FASHGRD],[ZZLCN],[ZDEVM],[ZZLTB],[ZLODT],[ZLSDT],[ZZLDT],[ZZFCS],[ZFCSD],[ZZMARKET_SEGMENT],[ZZEXT_MATERIAL],[ZZREPL_ECOM],[ZZREPL_DOCS],[ZZGDPW],[ZZPSRCPLT],[ZZREPL_EMATL],[ZDIE_PICK_METHOD],[ZZPART_SUBST],[ZZSCP_ALTERNATE],[ZZMARK_LINE1],[ZZMARK_LINE2],[ZZMARK_LINE3],[ZZWEB_PART],[ZZFCAST_PART] from sap.MARA;",
                "PreCopyScript": "Truncate TABLE dbo.TempMaterial",
                "TargetSchema": "dbo",
                "TargetTable": "TempMaterial",
                "AuditSourceTable": "MARA",
                "AuditDestinationTable": "Material",
                "PreProcessing": {
                    "Procedures": [
                        {
                            "StoredProcedureSchema": "dbo",
                            "StoredProcedureName": "udpTransferControl_Simple_GetDateRange"
                        }
                    ]
                },
                "PostProcessing": {
                    "Procedures": [
                        {
                            "StoredProcedureSchema": "md",
                            "StoredProcedureName": "udpMaterial_MergeFromTemp"
                        },
                        {
                            "StoredProcedureSchema": "md",
                            "StoredProcedureName": "udpMaterial_Update"
                        },
                        {
                            "StoredProcedureSchema": "dbo",
                            "StoredProcedureName": "udpTransferControl_Simple_AddRecord"
                        }
                    ]
                }
            }
        }
    ]
}