{
    "Pipeline": [
        {
            "OrchestrationPipelineName": "Base-Orchestration-Kick-off-Database-Activity-Pipeline",
            "ActivityPipelineName": "Activity-LIBECCRTP-ODS-Copy-Pipeline",
            "InputValues": {
                "PackageName": "LoadMaterialPlant",
                "DataSource": "LIBECCRTP",
                "SourceSchema": "sap",
                "SourceTable": "MARC",
                "FullLoadIngestQuery": "select [MARC].[MANDT],[MARC].[MATNR],[MARC].[PSTAT],[MARC].[LVORM],[MARC].[BWSCL],[MARC].[XCHPF],[MARC].[KZKUP],[MARC].[COMPL],[MARC].[WERKS],[MARC].[BWTTY],[MARC].[XCHAR],[MARC].[MMSTA],[MARC].[MMSTD],[MARC].[MAABC],[MARC].[KZKRI],[MARC].[EKGRP],[MARC].[AUSME],[MARC].[DISPR],[MARC].[DISMM],[MARC].[DISPO],[MARC].[KZDIE],[MARC].[PLIFZ],[MARC].[WEBAZ],[MARC].[PERKZ],[MARC].[AUSSS],[MARC].[DISLS],[MARC].[BESKZ],[MARC].[SOBSL],[MARC].[MINBE],[MARC].[EISBE],[MARC].[BSTMI],[MARC].[BSTMA],[MARC].[BSTFE],[MARC].[BSTRF],[MARC].[MABST],[MARC].[LOSFX],[MARC].[SBDKZ],[MARC].[LAGPR],[MARC].[ALTSL],[MARC].[KZAUS],[MARC].[AUSDT],[MARC].[NFMAT],[MARC].[KZBED],[MARC].[MISKZ],[MARC].[FHORI],[MARC].[PFREI],[MARC].[FFREI],[MARC].[RGEKZ],[MARC].[FEVOR],[MARC].[BEARZ],[MARC].[RUEZT],[MARC].[TRANZ],[MARC].[BASMG],[MARC].[DZEIT],[MARC].[MAXLZ],[MARC].[LZEIH],[MARC].[KZPRO],[MARC].[GPMKZ],[MARC].[UEETO],[MARC].[UEETK],[MARC].[UNETO],[MARC].[WZEIT],[MARC].[ATPKZ],[MARC].[VZUSL],[MARC].[HERBL],[MARC].[INSMK],[MARC].[SPROZ],[MARC].[QUAZT],[MARC].[SSQSS],[MARC].[MPDAU],[MARC].[KZPPV],[MARC].[KZDKZ],[MARC].[WSTGH],[MARC].[PRFRQ],[MARC].[NKMPR],[MARC].[UMLMC],[MARC].[LADGR],[MARC].[USEQU],[MARC].[LGRAD],[MARC].[AUFTL],[MARC].[PLVAR],[MARC].[OTYPE],[MARC].[OBJID],[MARC].[MTVFP],[MARC].[PERIV],[MARC].[KZKFK],[MARC].[VRVEZ],[MARC].[VBAMG],[MARC].[VBEAZ],[MARC].[LIZYK],[MARC].[KAUTB],[MARC].[KORDB],[MARC].[STAWN],[MARC].[HERKL],[MARC].[HERKR],[MARC].[EXPME],[MARC].[MTVER],[MARC].[PRCTR],[MARC].[TRAME],[MARC].[MRPPP],[MARC].[SAUFT],CAST([MARC].[FXHOR] as SMALLINT) AS [FXHOR],[MARC].[VRMOD],[MARC].[VINT1],[MARC].[VINT2],[MARC].[VERKZ],[MARC].[STLAL],[MARC].[STLAN],[MARC].[PLNNR],[MARC].[APLAL],[MARC].[LOSGR],[MARC].[SOBSK],[MARC].[FRTME],[MARC].[LGPRO],[MARC].[DISGR],[MARC].[KAUSF],[MARC].[QZGTP],[MARC].[QMATV],[MARC].[TAKZT],[MARC].[RWPRO],[MARC].[COPAM],[MARC].[ABCIN],[MARC].[AWSLS],[MARC].[SERNP],[MARC].[CUOBJ],[MARC].[STDPD],[MARC].[SFEPR],[MARC].[XMCNG],[MARC].[QSSYS],[MARC].[LFRHY],[MARC].[RDPRF],[MARC].[VRBMT],[MARC].[VRBWK],[MARC].[VRBDT],[MARC].[VRBFK],[MARC].[AUTRU],[MARC].[PREFE],[MARC].[PRENC],[MARC].[PRENO],[MARC].[PREND],[MARC].[PRENE],[MARC].[PRENG],[MARC].[ITARK],[MARC].[SERVG],[MARC].[STRGR],[MARC].[CUOBV],[MARC].[LGFSB],[MARC].[SCHGT],[MARC].[CCFIX],[MARC].[EPRIO],[MARC].[QMATA],[MARC].[RESVP],[MARC].[PLNTY],[MARC].[UOMGR],[MARC].[UMRSL],[MARC].[ABFAC],[MARC].[SFCPF],[MARC].[SHFLG],[MARC].[SHZET],[MARC].[MDACH],[MARC].[KZECH],[MARC].[MEGRU],[MARC].[MFRGR],[MARC].[VKUMC],[MARC].[VKTRW],[MARC].[KZAGL],[MARC].[FVIDK],[MARC].[FXPRU],[MARC].[LOGGR],[MARC].[FPRFM],[MARC].[GLGMG],[MARC].[VKGLG],[MARC].[INDUS],[MARC].[MOWNR],[MARC].[MOGRU],[MARC].[CASNR],[MARC].[GPNUM],[MARC].[STEUC],[MARC].[FABKZ],[MARC].[MATGR],[MARC].[VSPVB],[MARC].[DPLFS],[MARC].[DPLPU],[MARC].[DPLHO],[MARC].[MINLS],[MARC].[MAXLS],[MARC].[FIXLS],[MARC].[LTINC],[MARC].[CONVT],[MARC].[SHPRO],[MARC].[AHDIS],[MARC].[DIBER],[MARC].[KZPSP],[MARC].[OCMPF],[MARC].[APOKZ],[MARC].[MCRUE],[MARC].[LFMON],[MARC].[LFGJA],[MARC].[EISLO],[MARC].[NCOST],[MARC].[ROTATION_DATE],[MARC].[UCHKZ],[MARC].[UCMAT],[MARC].[/VSO/R_PKGRP],[MARC].[/VSO/R_LANE_NUM],[MARC].[/VSO/R_PAL_VEND],[MARC].[/VSO/R_FORK_DIR],[MARC].[ZZFAST_TRACK],[MARC].[ZZSUPPLY_PLNG],[MARC].[ZZFACTORY_PLNG],[MARC].[ZZATO_BUFFER],[MARC].[ZZDROP_SHIP],[MARC].[ZZSCP_LOTSIZE] as [ZSCP_LOTSIZE],[MARC].[ZZSCP_ROUNDVALUE] as [ZSCP_ROUNDINGVALUE],[MARC].[ZZFLOW_TYPE],[MARC].[ZZPARTIAL_REEL],[MARC].[ZZBASE_PART] FROM LIB_ECC_RTP.sap.MARA INNER JOIN LIB_ECC_RTP.sap.MARC ON MARC.MANDT = MARA.MANDT AND MARC.MATNR = MARA.MATNR",
                "DeltaLoadIngestQuery": "select [MARC].[MANDT],[MARC].[MATNR],[MARC].[PSTAT],[MARC].[LVORM],[MARC].[BWSCL],[MARC].[XCHPF],[MARC].[KZKUP],[MARC].[COMPL],[MARC].[WERKS],[MARC].[BWTTY],[MARC].[XCHAR],[MARC].[MMSTA],[MARC].[MMSTD],[MARC].[MAABC],[MARC].[KZKRI],[MARC].[EKGRP],[MARC].[AUSME],[MARC].[DISPR],[MARC].[DISMM],[MARC].[DISPO],[MARC].[KZDIE],[MARC].[PLIFZ],[MARC].[WEBAZ],[MARC].[PERKZ],[MARC].[AUSSS],[MARC].[DISLS],[MARC].[BESKZ],[MARC].[SOBSL],[MARC].[MINBE],[MARC].[EISBE],[MARC].[BSTMI],[MARC].[BSTMA],[MARC].[BSTFE],[MARC].[BSTRF],[MARC].[MABST],[MARC].[LOSFX],[MARC].[SBDKZ],[MARC].[LAGPR],[MARC].[ALTSL],[MARC].[KZAUS],[MARC].[AUSDT],[MARC].[NFMAT],[MARC].[KZBED],[MARC].[MISKZ],[MARC].[FHORI],[MARC].[PFREI],[MARC].[FFREI],[MARC].[RGEKZ],[MARC].[FEVOR],[MARC].[BEARZ],[MARC].[RUEZT],[MARC].[TRANZ],[MARC].[BASMG],[MARC].[DZEIT],[MARC].[MAXLZ],[MARC].[LZEIH],[MARC].[KZPRO],[MARC].[GPMKZ],[MARC].[UEETO],[MARC].[UEETK],[MARC].[UNETO],[MARC].[WZEIT],[MARC].[ATPKZ],[MARC].[VZUSL],[MARC].[HERBL],[MARC].[INSMK],[MARC].[SPROZ],[MARC].[QUAZT],[MARC].[SSQSS],[MARC].[MPDAU],[MARC].[KZPPV],[MARC].[KZDKZ],[MARC].[WSTGH],[MARC].[PRFRQ],[MARC].[NKMPR],[MARC].[UMLMC],[MARC].[LADGR],[MARC].[USEQU],[MARC].[LGRAD],[MARC].[AUFTL],[MARC].[PLVAR],[MARC].[OTYPE],[MARC].[OBJID],[MARC].[MTVFP],[MARC].[PERIV],[MARC].[KZKFK],[MARC].[VRVEZ],[MARC].[VBAMG],[MARC].[VBEAZ],[MARC].[LIZYK],[MARC].[KAUTB],[MARC].[KORDB],[MARC].[STAWN],[MARC].[HERKL],[MARC].[HERKR],[MARC].[EXPME],[MARC].[MTVER],[MARC].[PRCTR],[MARC].[TRAME],[MARC].[MRPPP],[MARC].[SAUFT],CAST([MARC].[FXHOR] as SMALLINT) AS [FXHOR],[MARC].[VRMOD],[MARC].[VINT1],[MARC].[VINT2],[MARC].[VERKZ],[MARC].[STLAL],[MARC].[STLAN],[MARC].[PLNNR],[MARC].[APLAL],[MARC].[LOSGR],[MARC].[SOBSK],[MARC].[FRTME],[MARC].[LGPRO],[MARC].[DISGR],[MARC].[KAUSF],[MARC].[QZGTP],[MARC].[QMATV],[MARC].[TAKZT],[MARC].[RWPRO],[MARC].[COPAM],[MARC].[ABCIN],[MARC].[AWSLS],[MARC].[SERNP],[MARC].[CUOBJ],[MARC].[STDPD],[MARC].[SFEPR],[MARC].[XMCNG],[MARC].[QSSYS],[MARC].[LFRHY],[MARC].[RDPRF],[MARC].[VRBMT],[MARC].[VRBWK],[MARC].[VRBDT],[MARC].[VRBFK],[MARC].[AUTRU],[MARC].[PREFE],[MARC].[PRENC],[MARC].[PRENO],[MARC].[PREND],[MARC].[PRENE],[MARC].[PRENG],[MARC].[ITARK],[MARC].[SERVG],[MARC].[STRGR],[MARC].[CUOBV],[MARC].[LGFSB],[MARC].[SCHGT],[MARC].[CCFIX],[MARC].[EPRIO],[MARC].[QMATA],[MARC].[RESVP],[MARC].[PLNTY],[MARC].[UOMGR],[MARC].[UMRSL],[MARC].[ABFAC],[MARC].[SFCPF],[MARC].[SHFLG],[MARC].[SHZET],[MARC].[MDACH],[MARC].[KZECH],[MARC].[MEGRU],[MARC].[MFRGR],[MARC].[VKUMC],[MARC].[VKTRW],[MARC].[KZAGL],[MARC].[FVIDK],[MARC].[FXPRU],[MARC].[LOGGR],[MARC].[FPRFM],[MARC].[GLGMG],[MARC].[VKGLG],[MARC].[INDUS],[MARC].[MOWNR],[MARC].[MOGRU],[MARC].[CASNR],[MARC].[GPNUM],[MARC].[STEUC],[MARC].[FABKZ],[MARC].[MATGR],[MARC].[VSPVB],[MARC].[DPLFS],[MARC].[DPLPU],[MARC].[DPLHO],[MARC].[MINLS],[MARC].[MAXLS],[MARC].[FIXLS],[MARC].[LTINC],[MARC].[CONVT],[MARC].[SHPRO],[MARC].[AHDIS],[MARC].[DIBER],[MARC].[KZPSP],[MARC].[OCMPF],[MARC].[APOKZ],[MARC].[MCRUE],[MARC].[LFMON],[MARC].[LFGJA],[MARC].[EISLO],[MARC].[NCOST],[MARC].[ROTATION_DATE],[MARC].[UCHKZ],[MARC].[UCMAT],[MARC].[/VSO/R_PKGRP],[MARC].[/VSO/R_LANE_NUM],[MARC].[/VSO/R_PAL_VEND],[MARC].[/VSO/R_FORK_DIR],[MARC].[ZZFAST_TRACK],[MARC].[ZZSUPPLY_PLNG],[MARC].[ZZFACTORY_PLNG],[MARC].[ZZATO_BUFFER],[MARC].[ZZDROP_SHIP],[MARC].[ZZSCP_LOTSIZE] as [ZSCP_LOTSIZE],[MARC].[ZZSCP_ROUNDVALUE] as [ZSCP_ROUNDINGVALUE],[MARC].[ZZFLOW_TYPE],[MARC].[ZZPARTIAL_REEL],[MARC].[ZZBASE_PART] FROM LIB_ECC_RTP.sap.MARA INNER JOIN LIB_ECC_RTP.sap.MARC ON MARC.MANDT = MARA.MANDT AND MARC.MATNR = MARA.MATNR",
                "PreCopyScript": "Truncate TABLE dbo.TempMaterialPlant",
                "TargetSchema": "dbo",
                "TargetTable": "TempMaterialPlant",
                "AuditSourceTable": "MARC",
                "AuditDestinationTable": "MaterialPlant",
                "PreProcessing": {
                    "Procedures": [
                        {
                            "StoredProcedureSchema": "dbo",
                            "StoredProcedureName": "udpTransferControl_Simple_GetDateRange"
                        }
                    ]
                },
                "PostProcessing": {
                    "Procedures": [
                        {
                            "StoredProcedureSchema": "dbo",
                            "StoredProcedureName": "udpMaterialPlant_MergeFromTemp"
                        },
                        {
                            "StoredProcedureSchema": "md",
                            "StoredProcedureName": "udpMaterialPlant_Update"
                        },
                        {
                            "StoredProcedureSchema": "dbo",
                            "StoredProcedureName": "udpTransferControl_Simple_AddRecord"
                        }
                    ]
                }
            }
        }
    ]
}