{
    "Pipeline": [
        {
            "OrchestrationPipelineName": "Base-Orchestration-Kick-off-Database-Activity-Pipeline",
            "ActivityPipelineName": "Activity-LIBECCRTP-ODS-Copy-Pipeline",
            "InputValues": {
                "PackageName": "LoadMaterialUnitsOfMeasure",
                "DataSource": "LIBECCRTP",
                "SourceSchema": "sap",
                "SourceTable": "MARM",
                "FullLoadIngestQuery": "select MANDT,MATNR,MEINH,UMREZ,UMREN,BRGEW,GEWEI from sap.MARM",
                "DeltaLoadIngestQuery": "select MANDT,MATNR,MEINH,UMREZ,UMREN,BRGEW,GEWEI from sap.MARM",
                "PreCopyScript": "Truncate TABLE TempMaterialUnitsOfMeasure",
                "TargetSchema": "dbo",
                "TargetTable": "TempMaterialUnitsOfMeasure",
                "AuditSourceTable": "MARM",
                "AuditDestinationTable": "MaterialUnitsOfMeasure",
                "PreProcessing": {
                    "Procedures": [
                        {
                            "StoredProcedureSchema": "dbo",
                            "StoredProcedureName": "udpTransferControl_Simple_GetDateRange"
                        }
                    ]
                },
                "PostProcessing": {
                    "Procedures": [
                        {
                            "StoredProcedureSchema": "dbo",
                            "StoredProcedureName": "udpMaterialUnitsOfMeasure_MergeFromTemp"
                        },
                        {
                            "StoredProcedureSchema": "dbo",
                            "StoredProcedureName": "udpMaterialUnitsOfMeasure_CalculateGrossDiePerWafer"
                        },
                        {
                            "StoredProcedureSchema": "dbo",
                            "StoredProcedureName": "udpTransferControl_Simple_AddRecord"
                        }
                    ]
                }
            }
        }
    ]
}