{
    "Pipeline": [
        {
            "OrchestrationPipelineName": "Base-Orchestration-Kick-off-Database-Activity-Pipeline",
            "ActivityPipelineName": "Activity-LIBECCRTP-ODS-Copy-Pipeline",
            "InputValues": {
                "PackageName": "LoadProductionVersionMKAL",
                "DataSource": "LIBECCRTP",
                "SourceSchema": "sap",
                "SourceTable": "MKAL",
                "FullLoadIngestQuery": "Select [MANDT],[MATNR],[WERKS],[VERID],[BDATU],[ADATU],[STLAL],[STLAN],[PLNTY],[PLNNR],[ALNAL],[BESKZ],[SOBSL],[TEXT1],[EWAHR],[MKSP],[PRFG_F] from sap.MKAL Where (PRFG_S = '1' OR PRFG_S = '' ) AND (PRFG_F = '1' OR PRFG_F = '')",
                "DeltaLoadIngestQuery": "Select [MANDT],[MATNR],[WERKS],[VERID],[BDATU],[ADATU],[STLAL],[STLAN],[PLNTY],[PLNNR],[ALNAL],[BESKZ],[SOBSL],[TEXT1],[EWAHR],[MKSP],[PRFG_F] from sap.MKAL Where (PRFG_S = '1' OR PRFG_S = '' ) AND (PRFG_F = '1' OR PRFG_F = '')",
                "PreCopyScript": "TRUNCATE TABLE pp.TempMaterialProdVersion",
                "TargetSchema": "pp",
                "TargetTable": "TempMaterialProdVersion",
                "AuditSourceTable": "",
                "AuditDestinationTable": "",
                "PreProcessing": {},
                "PostProcessing": {
                    "Procedures": [
                        {
                            "StoredProcedureSchema": "pp",
                            "StoredProcedureName": "udpMaterialProdVersion_CleanUpTemp"
                        },
                        {
                            "StoredProcedureSchema": "pp",
                            "StoredProcedureName": "udpMaterialProdVersion_MergeFromTemp"
                        }
                    ]
                }
            }
        },
        {
            "OrchestrationPipelineName": "Base-LoopThrough-Orchestration-Database-Activity-Pipeline",
            "ActivityPipelineName": "Activity-LIBECCRTP-ODS-Copy-Pipeline",
            "InputValues": {
                "PackageName": "LoadProductionVersionMKAL",
                "DataSource": "LIBECCRTP",
                "SourceSchema": "sap",
                "SourceTable": "MKAL",
                "FullLoadIngestQuery": "Select [MANDT],[MATNR],[WERKS],[VERID],[BDATU],[ADATU],[STLAL],[STLAN],[PLNTY],[PLNNR],[ALNAL],[BESKZ],[SOBSL],[TEXT1],[EWAHR],[MKSP],[PRFG_F] from sap.MKAL Where (PRFG_S = '1' OR PRFG_S = '' ) AND (PRFG_F = '1' OR PRFG_F = '')",
                "DeltaLoadIngestQuery": "Select [MANDT],[MATNR],[WERKS],[VERID],[BDATU],[ADATU],[STLAL],[STLAN],[PLNTY],[PLNNR],[ALNAL],[BESKZ],[SOBSL],[TEXT1],[EWAHR],[MKSP],[PRFG_F] from sap.MKAL Where (PRFG_S = '1' OR PRFG_S = '' ) AND (PRFG_F = '1' OR PRFG_F = '')",
                "PreCopyScript": "TRUNCATE TABLE pp.TempMaterialProdVersion",
                "TargetSchema": "pp",
                "TargetTable": "TempMaterialProdVersion",
                "AuditSourceTable": "",
                "AuditDestinationTable": "",
                "PreProcessing": {},
                "PostProcessing": {
                    "Procedures": [
                        {
                            "StoredProcedureSchema": "pp",
                            "StoredProcedureName": "udpTempMaterialProductionVersions_CleanUpTemp"
                        },
                        {
                            "StoredProcedureSchema": "pp",
                            "StoredProcedureName": "udpMaterialProductionVersions_MergeFromTemp"
                        }
                    ]
                }
            }
        }
    ]
}