{
    "Pipeline": [
        {
            "OrchestrationPipelineName": "Base-Orchestration-Kick-off-Database-Activity-Pipeline",
            "ActivityPipelineName": "Activity-LIBECCRTP-ODS-Copy-Pipeline",
            "InputValues": {
                "PackageName": "LoadMaterialSales",
                "DataSource": "LIBECCRTP",
                "SourceSchema": "sap",
                "SourceTable": "MVKE",
                "FullLoadIngestQuery": "select [MVKE].[MANDT],[MVKE].[MATNR],[MVKE].[LVORM],[MVKE].[RDPRF],[MVKE].[MEGRU],[MVKE].[VKORG],[MVKE].[VTWEG],[MVKE].[VERSG],[MVKE].[BONUS],[MVKE].[PROVG],[MVKE].[SKTOF],[MVKE].[VMSTA],[MVKE].[VMSTD],[MVKE].[AUMNG],[MVKE].[LFMNG],[MVKE].[EFMNG],[MVKE].[SCMNG],[MVKE].[SCHME],[MVKE].[VRKME],[MVKE].[MTPOS],[MVKE].[DWERK],[MVKE].[PRODH],[MVKE].[PMATN],[MVKE].[KONDM],[MVKE].[KTGRM],[MVKE].[MVGR1],[MVKE].[MVGR2],[MVKE].[MVGR3],[MVKE].[MVGR4],[MVKE].[MVGR5],[MVKE].[SSTUF],[MVKE].[PFLKS],[MVKE].[LSTFL],[MVKE].[LSTVZ],[MVKE].[LSTAK],[MVKE].[LDVFL],[MVKE].[LDBFL],[MVKE].[LDVZL],[MVKE].[LDBZL],[MVKE].[VDVFL],[MVKE].[VDBFL],[MVKE].[VDVZL],[MVKE].[VDBZL],[MVKE].[PRAT1],[MVKE].[PRAT2],[MVKE].[PRAT3],[MVKE].[PRAT4],[MVKE].[PRAT5],[MVKE].[PRAT6],[MVKE].[PRAT7],[MVKE].[PRAT8],[MVKE].[PRAT9],[MVKE].[PRATA],[MVKE].[LFMAX],[MVKE].[RJART],[MVKE].[PBIND],[MVKE].[VAVME],[MVKE].[MATKC],[MVKE].[PVMSO],[MVKE].[/BEV1/EMLGRP],[MVKE].[/BEV1/EMDRCKSPL],[MVKE].[/BEV1/RPBEZME],[MVKE].[/BEV1/RPSNS],[MVKE].[/BEV1/RPSFA],[MVKE].[/BEV1/RPSKI],[MVKE].[/BEV1/RPSCO],[MVKE].[/BEV1/RPSSO] FROM LIB_ECC_RTP.sap.MARA INNER JOIN LIB_ECC_RTP.sap.MVKE ON MVKE.MANDT = MARA.MANDT AND MVKE.MATNR = MARA.MATNR",
                "DeltaLoadIngestQuery": "select [MVKE].[MANDT],[MVKE].[MATNR],[MVKE].[LVORM],[MVKE].[RDPRF],[MVKE].[MEGRU],[MVKE].[VKORG],[MVKE].[VTWEG],[MVKE].[VERSG],[MVKE].[BONUS],[MVKE].[PROVG],[MVKE].[SKTOF],[MVKE].[VMSTA],[MVKE].[VMSTD],[MVKE].[AUMNG],[MVKE].[LFMNG],[MVKE].[EFMNG],[MVKE].[SCMNG],[MVKE].[SCHME],[MVKE].[VRKME],[MVKE].[MTPOS],[MVKE].[DWERK],[MVKE].[PRODH],[MVKE].[PMATN],[MVKE].[KONDM],[MVKE].[KTGRM],[MVKE].[MVGR1],[MVKE].[MVGR2],[MVKE].[MVGR3],[MVKE].[MVGR4],[MVKE].[MVGR5],[MVKE].[SSTUF],[MVKE].[PFLKS],[MVKE].[LSTFL],[MVKE].[LSTVZ],[MVKE].[LSTAK],[MVKE].[LDVFL],[MVKE].[LDBFL],[MVKE].[LDVZL],[MVKE].[LDBZL],[MVKE].[VDVFL],[MVKE].[VDBFL],[MVKE].[VDVZL],[MVKE].[VDBZL],[MVKE].[PRAT1],[MVKE].[PRAT2],[MVKE].[PRAT3],[MVKE].[PRAT4],[MVKE].[PRAT5],[MVKE].[PRAT6],[MVKE].[PRAT7],[MVKE].[PRAT8],[MVKE].[PRAT9],[MVKE].[PRATA],[MVKE].[LFMAX],[MVKE].[RJART],[MVKE].[PBIND],[MVKE].[VAVME],[MVKE].[MATKC],[MVKE].[PVMSO],[MVKE].[/BEV1/EMLGRP],[MVKE].[/BEV1/EMDRCKSPL],[MVKE].[/BEV1/RPBEZME],[MVKE].[/BEV1/RPSNS],[MVKE].[/BEV1/RPSFA],[MVKE].[/BEV1/RPSKI],[MVKE].[/BEV1/RPSCO],[MVKE].[/BEV1/RPSSO] FROM LIB_ECC_RTP.sap.MARA INNER JOIN LIB_ECC_RTP.sap.MVKE ON MVKE.MANDT = MARA.MANDT AND MVKE.MATNR = MARA.MATNR",
                "PreCopyScript": "Truncate TABLE TempMaterialSales",
                "TargetSchema": "dbo",
                "TargetTable": "TempMaterialSales",
                "AuditSourceTable": "MVKE",
                "AuditDestinationTable": "MaterialSales",
                "PreProcessing": {
                    "Procedures": [
                        {
                            "StoredProcedureSchema": "dbo",
                            "StoredProcedureName": "udpTransferControl_Simple_GetDateRange"
                        }
                    ]
                },
                "PostProcessing": {
                    "Procedures": [
                        {
                            "StoredProcedureSchema": "md",
                            "StoredProcedureName": "udpMaterialSales_MergeFromTemp"
                        },
                        {
                            "StoredProcedureSchema": "dbo",
                            "StoredProcedureName": "udpTransferControl_Simple_AddRecord"
                        }
                    ]
                }
            }
        }
    ]
}