{
    "Pipeline": [
        {
            "OrchestrationPipelineName": "Base-Orchestration-Kick-off-Database-Activity-Pipeline",
            "ActivityPipelineName": "Activity-LIBECCRTP-ODS-Copy-Pipeline",
            "InputValues": {
                "PackageName": "LoadMaterialInspectionTypeParameters",
                "DataSource": "LIBECCRTP",
                "SourceSchema": "sap",
                "SourceTable": "QMAT",
                "FullLoadIngestQuery": "select MANDT,ART,MATNR,WERKS,PPL,SPEZUEBER,CONF,TLS,APP,MER,INSMK,AVE,STICHPRVER,DYNREGEL,SPROZ,HPZ,DYN,MPB,MST,EIN,MPDAU,CHG,QKZVERF,KZPRFKOST,AUFNR_CO,AKTIV,APA,AFR from sap.QMAT ",
                "DeltaLoadIngestQuery": "select MANDT,ART,MATNR,WERKS,PPL,SPEZUEBER,CONF,TLS,APP,MER,INSMK,AVE,STICHPRVER,DYNREGEL,SPROZ,HPZ,DYN,MPB,MST,EIN,MPDAU,CHG,QKZVERF,KZPRFKOST,AUFNR_CO,AKTIV,APA,AFR from sap.QMAT ",
                "PreCopyScript": "Truncate TABLE mdsap.MaterialInspectionTypeParameters",
                "TargetSchema": "mdsap",
                "TargetTable": "MaterialInspectionTypeParameters",
                "AuditSourceTable": "QMAT",
                "AuditDestinationTable": "md.MaterialInspectionTypeParameters",
                "PreProcessing": {
                    "Procedures": [
                        {
                            "StoredProcedureSchema": "dbo",
                            "StoredProcedureName": "udpTransferControl_Simple_GetDateRange"
                        }
                    ]
                },
                "PostProcessing": {
                    "Procedures": [
                        {
                            "StoredProcedureSchema": "md",
                            "StoredProcedureName": "udpMaterialInspectionTypeParameters_TruncateInsert"
                        },
                        {
                            "StoredProcedureSchema": "dbo",
                            "StoredProcedureName": "udpTransferControl_Simple_AddRecord"
                        }
                    ]
                }
            }
        }
    ]
}