{
    "Pipeline": [
        {
            "OrchestrationPipelineName": "Base-Orchestration-Kick-off-Database-Activity-Pipeline",
            "ActivityPipelineName": "Activity-LIBECCRTP-ODS-Copy-Pipeline",
            "InputValues": {
                "PackageName": "LoadTextPlantsBranchesT001W",
                "DataSource": "LIBECCRTP",
                "SourceSchema": "sap",
                "SourceTable": "T001W",
                "FullLoadIngestQuery": "Select [MANDT],[WERKS],[NAME1],[BWKEY],[KUNNR],[LIFNR],[FABKL],[NAME2],[STRAS],[PFACH],[PSTLZ],[ORT01],[EKORG],[VKORG],[CHAZV],[KKOWK],[KORDB],[BEDPL],[LAND1],[REGIO],[COUNC],[CITYC],[ADRNR],[IWERK],[TXJCD],[VTWEG],[SPART],[SPRAS],[WKSOP],[AWSLS],[CHAZV_OLD],[VLFKZ],[BZIRK],[ZONE1],[TAXIW],[BZQHL],[LET01],[LET02],[LET03],[TXNAM_MA1],[TXNAM_MA2],[TXNAM_MA3],[BETOL],[J_1BBRANCH],[VTBFI],[FPRFW],[ACHVM],[DVSART],[NODETYPE],[NSCHEMA],[PKOSA],[MISCH],[MGVUPD],[VSTEL],[MGVLAUPD],[SOURCING] FROM [sap].[T001W]",
                "DeltaLoadIngestQuery": "Select [MANDT],[WERKS],[NAME1],[BWKEY],[KUNNR],[LIFNR],[FABKL],[NAME2],[STRAS],[PFACH],[PSTLZ],[ORT01],[EKORG],[VKORG],[CHAZV],[KKOWK],[KORDB],[BEDPL],[LAND1],[REGIO],[COUNC],[CITYC],[ADRNR],[IWERK],[TXJCD],[VTWEG],[SPART],[SPRAS],[WKSOP],[AWSLS],[CHAZV_OLD],[VLFKZ],[BZIRK],[ZONE1],[TAXIW],[BZQHL],[LET01],[LET02],[LET03],[TXNAM_MA1],[TXNAM_MA2],[TXNAM_MA3],[BETOL],[J_1BBRANCH],[VTBFI],[FPRFW],[ACHVM],[DVSART],[NODETYPE],[NSCHEMA],[PKOSA],[MISCH],[MGVUPD],[VSTEL],[MGVLAUPD],[SOURCING] FROM [sap].[T001W]",
                "PreCopyScript": "TRUNCATE TABLE mm.TempPlantsBranches",
                "TargetSchema": "mm",
                "TargetTable": "TempPlantsBranches",
                "AuditSourceTable": "",
                "AuditDestinationTable": "",
                "PreProcessing": {},
                "PostProcessing": {
                    "Procedures": [
                        {
                            "StoredProcedureSchema": "mm",
                            "StoredProcedureName": "udpPlantsBranches_MergeFromTemp"
                        }
                    ]
                }
            }
        }
    ]
}