{
    "Pipeline": [
        {
            "OrchestrationPipelineName": "Base-Orchestration-Kick-off-Database-Activity-Pipeline",
            "ActivityPipelineName": "Activity-LIBECCRTP-ODS-Copy-Pipeline",
            "InputValues": {
                "PackageName": "LoadStorageLocationsT001L",
                "DataSource": "LIBECCRTP",
                "SourceSchema": "sap",
                "SourceTable": "T001L",
                "FullLoadIngestQuery": "select MANDT,WERKS,LGORT,LGOBE,SPART,XLONG,XBUFX,DISKZ,XBLGO,XRESS,XHUPF,PARLG,VKORG,VTWEG,VSTEL,LIFNR,KUNNR from sap.T001L",
                "DeltaLoadIngestQuery": "select MANDT,WERKS,LGORT,LGOBE,SPART,XLONG,XBUFX,DISKZ,XBLGO,XRESS,XHUPF,PARLG,VKORG,VTWEG,VSTEL,LIFNR,KUNNR from sap.T001L",
                "PreCopyScript": "Truncate TABLE mm.TempT001L",
                "TargetSchema": "mm",
                "TargetTable": "TempT001L",
                "AuditSourceTable": "",
                "AuditDestinationTable": "",
                "PreProcessing": {},
                "PostProcessing": {
                    "Procedures": [
                        {
                            "StoredProcedureSchema": "mm",
                            "StoredProcedureName": "udpStorageLocations_Update"
                        }
                    ]
                }
            }
        }
    ]
}