{
    "Pipeline": [
        {
            "OrchestrationPipelineName": "Base-Orchestration-Kick-off-Database-Activity-Pipeline",
            "ActivityPipelineName": "Activity-LIBECCRTP-ODS-Copy-Pipeline",
            "InputValues": {
                "PackageName": "LoadCountryNames",
                "DataSource": "LIBECCRTP",
                "SourceSchema": "sap",
                "SourceTable": "T005T",
                "FullLoadIngestQuery": "Select MANDT,SPRAS,LAND1,LANDX,NATIO,LANDX50,NATIO50,PRQ_SPREGT FROM [sap].[T005T] Where SPRAS = 'EN'",
                "DeltaLoadIngestQuery": "Select MANDT,SPRAS,LAND1,LANDX,NATIO,LANDX50,NATIO50,PRQ_SPREGT FROM [sap].[T005T] Where SPRAS = 'EN'",
                "PreCopyScript": "TRUNCATE TABLE TempCountryNames",
                "TargetSchema": "dbo",
                "TargetTable": "TempCountryNames",
                "AuditSourceTable": "T005T",
                "AuditDestinationTable": "CountryNames",
                "PreProcessing": {
                    "Procedures": [
                        {
                            "StoredProcedureSchema": "dbo",
                            "StoredProcedureName": "udpTransferControl_Simple_GetDateRange_Type_2"
                        }
                    ]
                },
                "PostProcessing": {
                    "Procedures": [
                        {
                            "StoredProcedureSchema": "dbo",
                            "StoredProcedureName": "udpCountryNames_MergeFromTemp"
                        },
                        {
                            "StoredProcedureSchema": "dbo",
                            "StoredProcedureName": "udpTransferControl_Simple_AddRecord_Type_2"
                        }
                    ]
                }
            }
        }
    ]
}