{
    "Pipeline": [
        {
            "OrchestrationPipelineName": "Base-Orchestration-Kick-off-Database-Activity-Pipeline",
            "ActivityPipelineName": "Activity-LIBECCRTP-ODS-Copy-Pipeline",
            "InputValues": {
                "PackageName": "LoadUnitsofMeasurementDescription",
                "DataSource": "LIBECCRTP",
                "SourceSchema": "sap",
                "SourceTable": "T006A",
                "FullLoadIngestQuery": "select MANDT,SPRAS,MSEHI,MSEH3,MSEH6,MSEHT,MSEHL from sap.T006A",
                "DeltaLoadIngestQuery": "select MANDT,SPRAS,MSEHI,MSEH3,MSEH6,MSEHT,MSEHL from sap.T006A",
                "PreCopyScript": "Truncate table dbo.tempunitsofmeasurementdescription",
                "TargetSchema": "dbo",
                "TargetTable": "TempUnitsofMeasurementDescription",
                "AuditSourceTable": "T006A",
                "AuditDestinationTable": "UnitsofMeasurementDescription",
                "PreProcessing": {},
                "PostProcessing": {
                    "Procedures": [
                        {
                            "StoredProcedureSchema": "md",
                            "StoredProcedureName": "udpUnitsOfMeasurementDescription_Update"
                        }
                    ]
                }
            }
        }
    ]
}