{
    "Pipeline": [
        {
            "OrchestrationPipelineName": "Base-Orchestration-Kick-off-Database-Activity-Pipeline",
            "ActivityPipelineName": "Activity-LIBECCRTP-ODS-Copy-Pipeline",
            "InputValues": {
                "PackageName": "LoadUnitsOfMeasurement",
                "DataSource": "LIBECCRTP",
                "SourceSchema": "sap",
                "SourceTable": "T006",
                "FullLoadIngestQuery": "select MANDT,MSEHI,KZEX3,KZEX6,ANDEC,KZKEH,KZWOB,KZ1EH,KZ2EH,DIMID,ZAEHL,NENNR,EXP10,ADDKO,EXPON,DECAN,ISOCODE,[PRIMARY],TEMP_VALUE,TEMP_UNIT,FAMUNIT,PRESS_VAL,PRESS_UNIT from sap.T006",
                "DeltaLoadIngestQuery": "select MANDT,MSEHI,KZEX3,KZEX6,ANDEC,KZKEH,KZWOB,KZ1EH,KZ2EH,DIMID,ZAEHL,NENNR,EXP10,ADDKO,EXPON,DECAN,ISOCODE,[PRIMARY],TEMP_VALUE,TEMP_UNIT,FAMUNIT,PRESS_VAL,PRESS_UNIT from sap.T006",
                "PreCopyScript": "Truncate TABLE dbo.TempUnitsOfMeasurement",
                "TargetSchema": "dbo",
                "TargetTable": "TempUnitsOfMeasurement",
                "AuditSourceTable": "T006",
                "AuditDestinationTable": "UnitsOfMeasurement",
                "PreProcessing": {
                    "Procedures": [
                        {
                            "StoredProcedureSchema": "dbo",
                            "StoredProcedureName": "udpTransferControl_Simple_GetDateRange"
                        }
                    ]
                },
                "PostProcessing": {
                    "Procedures": [
                        {
                            "StoredProcedureSchema": "md",
                            "StoredProcedureName": "udpUnitsOfMeasurement_Update"
                        },
                        {
                            "StoredProcedureSchema": "dbo",
                            "StoredProcedureName": "udpTransferControl_Simple_AddRecord"
                        }
                    ]
                }
            }
        }
    ]
}