{
    "Pipeline": [
        {
            "OrchestrationPipelineName": "Base-Orchestration-Kick-off-Database-Activity-Pipeline",
            "ActivityPipelineName": "Activity-LIBECCRTP-ODS-Copy-Pipeline",
            "InputValues": {
                "PackageName": "LoadMRPControllerNames",
                "DataSource": "LIBECCRTP",
                "SourceSchema": "sap",
                "SourceTable": "T024D",
                "FullLoadIngestQuery": "select MANDT,WERKS,DISPO,DSNAM,DSTEL,EKGRP,MEMPF,GSBER,PRCTR,USRTYP,USRKEY from sap.T024D",
                "DeltaLoadIngestQuery": "select MANDT,WERKS,DISPO,DSNAM,DSTEL,EKGRP,MEMPF,GSBER,PRCTR,USRTYP,USRKEY from sap.T024D",
                "PreCopyScript": "Truncate TABLE dbo.TempMRPControllerNames",
                "TargetSchema": "dbo",
                "TargetTable": "TempMRPControllerNames",
                "AuditSourceTable": "1024D",
                "AuditDestinationTable": "MRPControllerNames",
                "PreProcessing": {
                    "Procedures": [
                        {
                            "StoredProcedureSchema": "dbo",
                            "StoredProcedureName": "udpTransferControl_Simple_GetDateRange"
                        }
                    ]
                },
                "PostProcessing": {
                    "Procedures": [
                        {
                            "StoredProcedureSchema": "md",
                            "StoredProcedureName": "udpMRPControllerNames_Update"
                        },
                        {
                            "StoredProcedureSchema": "dbo",
                            "StoredProcedureName": "udpTransferControl_Simple_AddRecord"
                        }
                    ]
                }
            }
        }
    ]
}