{
    "Pipeline": [
        {
            "OrchestrationPipelineName": "Base-Orchestration-Kick-off-Database-Activity-Pipeline",
            "ActivityPipelineName": "Activity-LIBECCRTP-ODS-Copy-Pipeline",
            "InputValues": {
                "PackageName": "LoadPurchasingGroupsT024",
                "DataSource": "LIBECCRTP",
                "SourceSchema": "sap",
                "SourceTable": "T024",
                "FullLoadIngestQuery": "select MANDT,EKGRP,EKNAM,EKTEL,LDEST,TELFX,TEL_NUMBER,TEL_EXTENS,SMTP_ADDR from sap.T024",
                "DeltaLoadIngestQuery": "select MANDT,EKGRP,EKNAM,EKTEL,LDEST,TELFX,TEL_NUMBER,TEL_EXTENS,SMTP_ADDR from sap.T024",
                "PreCopyScript": "Truncate TABLE mm.TempPurchasingGroups",
                "TargetSchema": "mm",
                "TargetTable": "TempPurchasingGroups",
                "AuditSourceTable": "T024",
                "AuditDestinationTable": "mm.PurchasingGroups",
                "PreProcessing": {
                    "Procedures": [
                        {
                            "StoredProcedureSchema": "dbo",
                            "StoredProcedureName": "udpTransferControl_Simple_GetDateRange"
                        }
                    ]
                },
                "PostProcessing": {
                    "Procedures": [
                        {
                            "StoredProcedureSchema": "md",
                            "StoredProcedureName": "udpPurchasingGroups_Update"
                        },
                        {
                            "StoredProcedureSchema": "dbo",
                            "StoredProcedureName": "udpTransferControl_Simple_AddRecord"
                        }
                    ]
                }
            }
        }
    ]
}