{
    "Pipeline": [
        {
            "OrchestrationPipelineName": "Base-Orchestration-Kick-off-Database-Activity-Pipeline",
            "ActivityPipelineName": "Activity-LIBECCRTP-ODS-Copy-Pipeline",
            "InputValues": {
                "PackageName": "LoadTextMaterialStatusT141",
                "DataSource": "LIBECCRTP",
                "SourceSchema": "sap",
                "SourceTable": "T141",
                "FullLoadIngestQuery": "Select [MANDT],[MMSTA],[DEINK],[DSTLK],[DSTLP],[DAPLA],[DPBED],[DDISP],[DFAPO],[DFAKO],[DINST],[DBEST],[DPROG],[DFHMI],[DQMPF],[DTBED],[DTAUF],[DERZK],[DLFPL] FROM [sap].[T141]",
                "DeltaLoadIngestQuery": "Select [MANDT],[MMSTA],[DEINK],[DSTLK],[DSTLP],[DAPLA],[DPBED],[DDISP],[DFAPO],[DFAKO],[DINST],[DBEST],[DPROG],[DFHMI],[DQMPF],[DTBED],[DTAUF],[DERZK],[DLFPL] FROM [sap].[T141]",
                "PreCopyScript": "TRUNCATE TABLE mm.TempMaterialStatusFromMMPP",
                "TargetSchema": "mm",
                "TargetTable": "TempMaterialStatusFromMMPP",
                "AuditSourceTable": "",
                "AuditDestinationTable": "",
                "PreProcessing": {},
                "PostProcessing": {
                    "Procedures": [
                        {
                            "StoredProcedureSchema": "mm",
                            "StoredProcedureName": "udpMaterialStatusFromMMPP_MergeFromTemp"
                        }
                    ]
                }
            }
        }
    ]
}