{
    "Pipeline": [
        {
            "OrchestrationPipelineName": "Base-Orchestration-Kick-off-Database-Activity-Pipeline",
            "ActivityPipelineName": "Activity-LIBECCRTP-ODS-Copy-Pipeline",
            "InputValues": {
                "PackageName": "LoadTextStandardTextKeyDescriptionT435T",
                "DataSource": "LIBECCRTP",
                "SourceSchema": "sap",
                "SourceTable": "T435T",
                "FullLoadIngestQuery": "Select [MANDT],[SPRAS],[VLSCH],[TXT] FROM [sap].[T435T] where SPRAS = 'EN'",
                "DeltaLoadIngestQuery": "Select [MANDT],[SPRAS],[VLSCH],[TXT] FROM [sap].[T435T] where SPRAS = 'EN'",
                "PreCopyScript": "TRUNCATE TABLE pp.TempSTDTextKeyText",
                "TargetSchema": "pp",
                "TargetTable": "TempSTDTextKeyText",
                "AuditSourceTable": "",
                "AuditDestinationTable": "",
                "PreProcessing": {},
                "PostProcessing": {
                    "Procedures": [
                        {
                            "StoredProcedureSchema": "pp",
                            "StoredProcedureName": "udpSTDTextKeyText_MergeFromTemp"
                        }
                    ]
                }
            }
        }
    ]
}