{
    "Pipeline": [
        {
            "OrchestrationPipelineName": "Base-Orchestration-Kick-off-Database-Activity-Pipeline",
            "ActivityPipelineName": "Activity-LIBECCRTP-ODS-Copy-Pipeline",
            "InputValues": {
                "PackageName": "LoadTextSpecialProcurementKeyDescriptionT460A",
                "DataSource": "LIBECCRTP",
                "SourceSchema": "sap",
                "SourceTable": "T460A",
                "FullLoadIngestQuery": "Select [MANDT],[WERKS],[SOBSL],[BESKZ],[SOBES],[WRK02],[CLCOR],[DUMPS],[REWFG],[REWRK],[DIRPR],[UMLDB],[ADDIN] FROM [sap].[T460A]",
                "DeltaLoadIngestQuery": "Select [MANDT],[WERKS],[SOBSL],[BESKZ],[SOBES],[WRK02],[CLCOR],[DUMPS],[REWFG],[REWRK],[DIRPR],[UMLDB],[ADDIN] FROM [sap].[T460A]",
                "PreCopyScript": "TRUNCATE TABLE mm.TempSpecProcKey",
                "TargetSchema": "mm",
                "TargetTable": "TempSpecProcKey",
                "AuditSourceTable": "",
                "AuditDestinationTable": "",
                "PreProcessing": {},
                "PostProcessing": {
                    "Procedures": [
                        {
                            "StoredProcedureSchema": "mm",
                            "StoredProcedureName": "udpSpecProcKey_MergeFromTemp"
                        }
                    ]
                }
            }
        }
    ]
}