{
    "Pipeline": [
        {
            "OrchestrationPipelineName": "Base-Orchestration-Kick-off-Database-Activity-Pipeline",
            "ActivityPipelineName": "Activity-LIBECCRTP-ODS-Copy-Pipeline",
            "InputValues": {
                "PackageName": "LoadTextPersonResponsibleForWorkCenterTC24",
                "DataSource": "LIBECCRTP",
                "SourceSchema": "sap",
                "SourceTable": "TC24",
                "FullLoadIngestQuery": "SELECT [MANDT],[WERKS],[VERAN],[KTEXT]FROM [sap].[TC24]",
                "DeltaLoadIngestQuery": "SELECT [MANDT],[WERKS],[VERAN],[KTEXT]FROM [sap].[TC24]",
                "PreCopyScript": "TRUNCATE TABLE pp.TempPersonResponsibleForWorkCenter",
                "TargetSchema": "pp",
                "TargetTable": "TempPersonResponsibleForWorkCenter",
                "AuditSourceTable": "",
                "AuditDestinationTable": "",
                "PreProcessing": {},
                "PostProcessing": {
                    "Procedures": [
                        {
                            "StoredProcedureSchema": "pp",
                            "StoredProcedureName": "udpPersonResponsibleForWorkCenter_MergeFromTemp"
                        }
                    ]
                }
            }
        }
    ]
}