{
    "Pipeline": [
        {
            "OrchestrationPipelineName": "Base-Orchestration-Kick-off-Database-Activity-Pipeline",
            "ActivityPipelineName": "Activity-LIBECCRTP-ODS-Copy-Pipeline",
            "InputValues": {
                "PackageName": "LoadCurrencyCodeNames",
                "DataSource": "LIBECCRTP",
                "SourceSchema": "sap",
                "SourceTable": "TCURT",
                "FullLoadIngestQuery": "Select MANDT,SPRAS,KTEXT,LTEXT,WAERS FROM [sap].[TCURT] Where SPRAS = 'EN'",
                "DeltaLoadIngestQuery": "Select MANDT,SPRAS,KTEXT,LTEXT,WAERS FROM [sap].[TCURT] Where SPRAS = 'EN'",
                "PreCopyScript": "TRUNCATE TABLE TempCurrencyCodeNames",
                "TargetSchema": "dbo",
                "TargetTable": "TempCurrencyCodeNames",
                "AuditSourceTable": "TCURT",
                "AuditDestinationTable": "CurrencyCodeNames",
                "PreProcessing": {
                    "Procedures": [
                        {
                            "StoredProcedureSchema": "dbo",
                            "StoredProcedureName": "udpTransferControl_Simple_GetDateRange_Type_2"
                        }
                    ]
                },
                "PostProcessing": {
                    "Procedures": [
                        {
                            "StoredProcedureSchema": "dbo",
                            "StoredProcedureName": "udpCurrencyCodeNames_MergeFromTemp"
                        },
                        {
                            "StoredProcedureSchema": "dbo",
                            "StoredProcedureName": "udpTransferControl_Simple_AddRecord_Type_2"
                        }
                    ]
                }
            }
        }
    ]
}