{
    "Pipeline": [
        {
            "OrchestrationPipelineName": "Base-Orchestration-Kick-off-Database-Activity-Pipeline",
            "ActivityPipelineName": "Activity-LIBECCRTP-ODS-Copy-Pipeline",
            "InputValues": {
                "PackageName": "LoadExchangeRate",
                "DataSource": "LIBECCRTP",
                "SourceSchema": "sap",
                "SourceTable": "TCURR",
                "FullLoadIngestQuery": "SELECT MANDT,KURST,FCURR,TCURR,GDATU,UKURS,FFACT,TFACT FROM sap.TCURR",
                "DeltaLoadIngestQuery": "SELECT MANDT,KURST,FCURR,TCURR,GDATU,UKURS,FFACT,TFACT FROM sap.TCURR",
                "PreCopyScript": "truncate table TempExchangeRates",
                "TargetSchema": "dbo",
                "TargetTable": "TempExchangeRates",
                "AuditSourceTable": "TCURR",
                "AuditDestinationTable": "ExchangeRates",
                "PreProcessing": {
                    "Procedures": [
                        {
                            "StoredProcedureSchema": "dbo",
                            "StoredProcedureName": "udpTransferControl_Simple_GetDateRange"
                        }
                    ]
                },
                "PostProcessing": {
                    "Procedures": [
                        {
                            "StoredProcedureSchema": "md",
                            "StoredProcedureName": "udpExchangeRates_MergeFromTemp"
                        },
                        {
                            "StoredProcedureSchema": "dbo",
                            "StoredProcedureName": "udpTransferControl_Simple_AddRecord"
                        }
                    ]
                }
            }
        }
    ]
}