{
    "Pipeline": [
        {
            "OrchestrationPipelineName": "Base-Orchestration-Kick-off-Database-Activity-Pipeline",
            "ActivityPipelineName": "Activity-LIBECCRTP-ODS-Copy-Pipeline",
            "InputValues": {
                "PackageName": "LoadConversionFactors",
                "DataSource": "LIBECCRTP",
                "SourceSchema": "sap",
                "SourceTable": "TCURF",
                "FullLoadIngestQuery": "select KURST,FCURR,TCURR,GDATU,FFACT,TFACT,ABWCT,ABWGA,MANDT from sap.TCURF",
                "DeltaLoadIngestQuery": "select KURST,FCURR,TCURR,GDATU,FFACT,TFACT,ABWCT,ABWGA,MANDT from sap.TCURF",
                "PreCopyScript": "Truncate TABLE TempConversionFactors",
                "TargetSchema": "dbo",
                "TargetTable": "TempConversionFactors",
                "AuditSourceTable": "TCURF",
                "AuditDestinationTable": "ConversionFactors",
                "PreProcessing": {
                    "Procedures": [
                        {
                            "StoredProcedureSchema": "dbo",
                            "StoredProcedureName": "udpTransferControl_Simple_GetDateRange"
                        }
                    ]
                },
                "PostProcessing": {
                    "Procedures": [
                        {
                            "StoredProcedureSchema": "md",
                            "StoredProcedureName": "udpConvertionFactors_MergeFromTemp"
                        },
                        {
                            "StoredProcedureSchema": "dbo",
                            "StoredProcedureName": "udpTransferControl_Simple_AddRecord"
                        }
                    ]
                }
            }
        }
    ]
}