{
    "Pipeline": [
        {
            "OrchestrationPipelineName": "Base-Orchestration-Kick-off-Database-Activity-Pipeline",
            "ActivityPipelineName": "Activity-LIBECCRTP-ODS-Copy-Pipeline",
            "InputValues": {
                "PackageName": "LoadTextCalendarHolidaysTFAIN",
                "DataSource": "LIBECCRTP",
                "SourceSchema": "sap",
                "SourceTable": "TFAIN",
                "FullLoadIngestQuery": "SELECT [IDENT],[JAHR],[VON],[BIS],[WERT] FROM [sap].[TFAIN]",
                "DeltaLoadIngestQuery": "SELECT [IDENT],[JAHR],[VON],[BIS],[WERT] FROM [sap].[TFAIN]",
                "PreCopyScript": "TRUNCATE TABLE pp.TempCalHolidays",
                "TargetSchema": "pp",
                "TargetTable": "TempCalHolidays",
                "AuditSourceTable": "",
                "AuditDestinationTable": "",
                "PreProcessing": {},
                "PostProcessing": {
                    "Procedures": [
                        {
                            "StoredProcedureSchema": "pp",
                            "StoredProcedureName": "udpCalHolidays_MergeFromTemp"
                        }
                    ]
                }
            }
        }
    ]
}