{
    "Pipeline": [
        {
            "OrchestrationPipelineName": "Base-Orchestration-Kick-off-Database-Activity-Pipeline",
            "ActivityPipelineName": "Activity-LIBECCRTP-ODS-Copy-Pipeline",
            "InputValues": {
                "PackageName": "LoadSalesDocumentTypeNames",
                "DataSource": "LIBECCRTP",
                "SourceSchema": "sap",
                "SourceTable": "TVAKT",
                "FullLoadIngestQuery": "Select MANDT,SPRAS,AUART,BEZEI FROM [sap].[TVAKT] Where SPRAS = 'EN'",
                "DeltaLoadIngestQuery": "Select MANDT,SPRAS,AUART,BEZEI FROM [sap].[TVAKT] Where SPRAS = 'EN'",
                "PreCopyScript": "TRUNCATE TABLE TempSalesDocumentTypeNames",
                "TargetSchema": "dbo",
                "TargetTable": "TempSalesDocumentTypeNames",
                "AuditSourceTable": "TVAKT",
                "AuditDestinationTable": "SalesDocumentTypeNames",
                "PreProcessing": {
                    "Procedures": [
                        {
                            "StoredProcedureSchema": "dbo",
                            "StoredProcedureName": "udpTransferControl_Simple_GetDateRange_Type_2"
                        }
                    ]
                },
                "PostProcessing": {
                    "Procedures": [
                        {
                            "StoredProcedureSchema": "dbo",
                            "StoredProcedureName": "udpSalesDocumentTypeNames_MergeFromTemp"
                        },
                        {
                            "StoredProcedureSchema": "dbo",
                            "StoredProcedureName": "udpTransferControl_Simple_AddRecord_Type_2"
                        }
                    ]
                }
            }
        }
    ]
}