{
    "Pipeline": [
        {
            "OrchestrationPipelineName": "Base-Orchestration-Kick-off-Database-Activity-Pipeline",
            "ActivityPipelineName": "Activity-LIBECCRTP-ODS-Copy-Pipeline",
            "InputValues": {
                "PackageName": "LoadZSKUBUY_LOCATION",
                "DataSource": "LIBECCRTP",
                "SourceSchema": "sap",
                "SourceTable": "ZSKYBUY_LOCATION",
                "FullLoadIngestQuery": "select MANDT,LOCATION_CODE,COMPANY_CODE,LOCATION_DESC,COMPANY_NAME,PLANT_CODE,PURCHASING_ORG,CURRENCY_CODE,PR_PREFIX_CODE,SKYWORKS_LOC,SHIPTO_ADDRESS1,SHIPTO_ADDRESS2,SHIPTO_ADDRESS3,SHIPTO_ADDRESS4,ACCOUNT_AUDIT,TAXABLE,IMPORT_PERMIT,INACTIVE_LOC,ERNAM,ERDAT,ERZET,AENAM,AEDAT,AEZET from sap.ZSKYBUY_LOCATION",
                "DeltaLoadIngestQuery": "select MANDT,LOCATION_CODE,COMPANY_CODE,LOCATION_DESC,COMPANY_NAME,PLANT_CODE,PURCHASING_ORG,CURRENCY_CODE,PR_PREFIX_CODE,SKYWORKS_LOC,SHIPTO_ADDRESS1,SHIPTO_ADDRESS2,SHIPTO_ADDRESS3,SHIPTO_ADDRESS4,ACCOUNT_AUDIT,TAXABLE,IMPORT_PERMIT,INACTIVE_LOC,ERNAM,ERDAT,ERZET,AENAM,AEDAT,AEZET from sap.ZSKYBUY_LOCATION",
                "PreCopyScript": "Truncate TABLE mm.TempZSKYBUY_LOCATION",
                "TargetSchema": "mm",
                "TargetTable": "TempZSKYBUY_LOCATION",
                "AuditSourceTable": "ZSKYBUY_LOCATION",
                "AuditDestinationTable": "SkyBuyLocations",
                "PreProcessing": {
                    "Procedures": [
                        {
                            "StoredProcedureSchema": "dbo",
                            "StoredProcedureName": "udpTransferControl_Simple_GetDateRange"
                        }
                    ]
                },
                "PostProcessing": {
                    "Procedures": [
                        {
                            "StoredProcedureSchema": "mm",
                            "StoredProcedureName": "udpSkyBuyLocations_MERGEFROMTEMP"
                        },
                        {
                            "StoredProcedureSchema": "dbo",
                            "StoredProcedureName": "udpTransferControl_Simple_AddRecord"
                        }
                    ]
                }
            }
        }
    ]
}