{
	"name": "MD_Change_Document_Archive",
	"properties": {
		"description": "Trigger to load tables under Scheduler_MD_ChangeDocumentArchive.json",
		"annotations": [],
		"runtimeState": "Started",
		"pipelines": [
			{
				"pipelineReference": {
					"referenceName": "Scheduler04-Table-Pipeline",
					"type": "PipelineReference"
				},
				"parameters": {
					"DataSource": "LIBECCRTP",
					"TableType": [
						"ConformedDim",
						"Dim",
						"Fact"
					],
					"FullLoadAllTables": true,
					"SchedulerFilePath": "project-horizon",
					"SchedulerName": "Scheduler_MD_ChangeDocumentArchive.json"
				}
			}
		],
		"type": "ScheduleTrigger",
		"typeProperties": {
			"recurrence": {
				"frequency": "Month",
				"interval": 1,
				"startTime": "2021-12-20T01:00:00",
				"timeZone": "Pacific Standard Time",
				"schedule": {
					"hours": [
						1
					],
					"monthlyOccurrences": [
						{
							"day": "Monday",
							"occurrence": 1
						}
					]
				}
			}
		}
	}
}