{
	"name": "MD_Master_Data_Weekly_Update",
	"properties": {
		"description": "Trigger to load tables under Scheduler_MD_MasterDataWeeklyUpdate.json",
		"annotations": [],
		"runtimeState": "Started",
		"pipelines": [
			{
				"pipelineReference": {
					"referenceName": "Scheduler04-Table-Pipeline",
					"type": "PipelineReference"
				},
				"parameters": {
					"DataSource": "LIBECCRTP",
					"TableType": [
						"ConformedDim",
						"Dim",
						"Fact"
					],
					"FullLoadAllTables": true,
					"SchedulerFilePath": "project-horizon",
					"SchedulerName": "Scheduler_MD_MasterDataWeeklyUpdate.json"
				}
			}
		],
		"type": "ScheduleTrigger",
		"typeProperties": {
			"recurrence": {
				"frequency": "Week",
				"interval": 1,
				"startTime": "2021-12-20T09:30:00",
				"timeZone": "Pacific Standard Time",
				"schedule": {
					"minutes": [
						30
					],
					"hours": [
						9
					],
					"weekDays": [
						"Monday"
					]
				}
			}
		}
	}
}