{
	"name": "MD_Master_Data_Update_Step1",
	"properties": {
		"description": "Trigger to load tables under Scheduler_LoadMasterDataPart1.json ",
		"annotations": [],
		"runtimeState": "Started",
		"pipeline": {
			"pipelineReference": {
				"referenceName": "Scheduler04-Table-Pipeline",
				"type": "PipelineReference"
			},
			"parameters": {
				"TableType": [
					"ConformedDim",
					"Dim",
					"Fact"
				],
				"FullLoadAllTables": true,
				"SchedulerFilePath": "project-horizon",
				"SchedulerName": "Scheduler_LoadMasterDataPart1.json"
			}
		},
		"type": "TumblingWindowTrigger",
		"typeProperties": {
			"frequency": "Hour",
			"interval": 24,
			"startTime": "2021-12-28T19:00:00Z",
			"delay": "00:00:00",
			"maxConcurrency": 50,
			"retryPolicy": {
				"intervalInSeconds": 30
			},
			"dependsOn": []
		}
	}
}