{
	"name": "MD_Master_Data_Update_FullLoads_Step4",
	"properties": {
		"description": "Trigger to load tables under Scheduler_MD_MasterDataUpdateFullLoads_Part4.json",
		"annotations": [],
		"runtimeState": "Started",
		"pipeline": {
			"pipelineReference": {
				"referenceName": "Scheduler04-Table-Pipeline",
				"type": "PipelineReference"
			},
			"parameters": {
				"TableType": [
					"ConformedDim",
					"Dim",
					"Fact"
				],
				"FullLoadAllTables": true,
				"SchedulerFilePath": "project-horizon",
				"SchedulerName": "Scheduler_MD_MasterDataUpdateFullLoads_Part4.json"
			}
		},
		"type": "TumblingWindowTrigger",
		"typeProperties": {
			"frequency": "Hour",
			"interval": 24,
			"startTime": "2021-12-28T07:00:00Z",
			"delay": "00:00:00",
			"maxConcurrency": 50,
			"retryPolicy": {
				"intervalInSeconds": 30
			},
			"dependsOn": [
				{
					"type": "TumblingWindowTriggerDependencyReference",
					"referenceTrigger": {
						"referenceName": "MD_Master_Data_Update_FullLoads_Step3",
						"type": "TriggerReference"
					}
				}
			]
		}
	}
}