{
	"name": "MD_SD_JDA_Midnight_Update",
	"properties": {
		"description": "Trigger to load tables under Scheduler_LoadMasterDataPart1.json",
		"annotations": [],
		"runtimeState": "Started",
		"pipelines": [
			{
				"pipelineReference": {
					"referenceName": "Scheduler04-Table-Pipeline",
					"type": "PipelineReference"
				},
				"parameters": {
					"DataSource": "LIBECCRTP",
					"TableType": [
						"ConformedDim",
						"Dim",
						"Fact"
					],
					"FullLoadAllTables": true,
					"SchedulerFilePath": "project-horizon",
					"SchedulerName": "Scheduler_LoadMasterDataPart1.json"
				}
			}
		],
		"type": "ScheduleTrigger",
		"typeProperties": {
			"recurrence": {
				"frequency": "Day",
				"interval": 1,
				"startTime": "2021-12-20T00:00:00",
				"timeZone": "Pacific Standard Time"
			}
		}
	}
}