{
    "Pipeline": [
        {
            "OrchestrationPipelineName": "Base-Orchestration-Horizon-IME-Pipeline",
            "ActivityPipelineName": "Activity-Http-DataLake-Copy-Pipeline",
            "IngestContainer": "ingest",
            "InputValues": {
                "SourceContainer": "skyworksdatalake",
                "DataSource": "xml",
                "SourceSchema": "media",
                "IngestTable": "Products_Pricing_XML",
                "RelativeURL": "Products_Pricing_XML_2020.xml",
                "TargetContainer": "skyworksdatalake",
                "DataTarget": "model",
                "TargetSchema": "media",
                "ModelConfig": "ProductsPricingXml"
            }
        }
    ]
}