{
    "Pipeline": [
        {
            "OrchestrationPipelineName": "Base-Orchestration-Kick-off-Database-Activity-Pipeline",
            "ActivityPipelineName": "",
            "InputValues": {
                "PackageName": "",
                "DataSource": "LIBECCRTP",
                "SourceSchema": "md",
                "SourceTable": "",
                "FullLoadIngestQuery": "",
                "DeltaLoadIngestQuery": "",
                "PreCopyScript": "",
                "TargetSchema": "",
                "TargetTable": "",
                "AuditSourceTable": "",
                "AuditDestinationTable": "",
                "PreProcessing": {
                    "Procedures": [
                        {
                            "StoredProcedureSchema": "md",
                            "StoredProcedureName": "udpChangeDocumentTables_Archive"
                        }
                    ]
                },
                "PostProcessing": {}
            }
        }
    ]
}