{
    "Pipeline": [
        {
            "OrchestrationPipelineName": "Base-Orchestration-Kick-off-Database-Activity-Pipeline",
            "ActivityPipelineName": "Activity-ODS-ODS-Copy-Pipeline",
            "InputValues": {
                "PackageName": "LoadPlantNames",
                "DataSource": "Skyworks_ODS",
                "SourceSchema": "sap",
                "SourceTable": "T001W_BIW",
                "FullLoadIngestQuery": "SELECT [MANDT],[SPRAS],[WERKS],[TXTMD] from [sap].T001W_BIW Where SPRAS IN ('E','J')",
                "DeltaLoadIngestQuery": "SELECT [MANDT],[SPRAS],[WERKS],[TXTMD] from [sap].T001W_BIW Where SPRAS IN ('E','J')",
                "PreCopyScript": "TRUNCATE TABLE [dbo].[TempPlantNames]",
                "TargetSchema": "dbo",
                "TargetTable": "TempPlantNames",
                "AuditSourceTable": "T001W_BIW",
                "AuditDestinationTable": "PlantNames",
                "PreProcessing": {
                    "Procedures": [
                        {
                            "StoredProcedureSchema": "dbo",
                            "StoredProcedureName": "udpTransferControl_Simple_GetDateRange_Type_2"
                        }
                    ]
                },
                "PostProcessing": {
                    "Procedures": [
                        {
                            "StoredProcedureSchema": "dbo",
                            "StoredProcedureName": "udpPlantNames_MergeFromTemp"
                        },
                        {
                            "StoredProcedureSchema": "dbo",
                            "StoredProcedureName": "udpTransferControl_Simple_AddRecord_Type_2"
                        }
                    ]
                }
            }
        }
    ]
}