{
    "Pipeline": [
        {
            "OrchestrationPipelineName": "Base-Orchestration-Kick-off-Database-Activity-Pipeline",
            "ActivityPipelineName": "Activity-ODS-ODS-Copy-Pipeline",
            "InputValues": {
                "PackageName": "LoadUserNameView",
                "DataSource": "Skyworks_ODS",
                "SourceSchema": "sap",
                "SourceTable": "V_USR_NAME",
                "FullLoadIngestQuery": "Select [MANDT],[BNAME],[NAME_FIRST],[NAME_LAST],[NAME_TEXT] from sap.V_USR_NAME ",
                "DeltaLoadIngestQuery": "Select [MANDT],[BNAME],[NAME_FIRST],[NAME_LAST],[NAME_TEXT] from sap.V_USR_NAME ",
                "PreCopyScript": "TRUNCATE TABLE dbo.TempUserNameView",
                "TargetSchema": "dbo",
                "TargetTable": "TempUserNameView",
                "AuditSourceTable": "V_USR_NAME",
                "AuditDestinationTable": "UserNameView",
                "PreProcessing": {
                    "Procedures": [
                        {
                            "StoredProcedureSchema": "dbo",
                            "StoredProcedureName": "udpTransferControl_Simple_GetDateRange_Type_2"
                        }
                    ]
                },
                "PostProcessing": {
                    "Procedures": [
                        {
                            "StoredProcedureSchema": "dbo",
                            "StoredProcedureName": "udpUserNameView_MergeFromTemp"
                        },
                        {
                            "StoredProcedureSchema": "dbo",
                            "StoredProcedureName": "udpTransferControl_Simple_AddRecord_Type_2"
                        }
                    ]
                }
            }
        }
    ]
}