{
    "Pipeline": [
        {
            "OrchestrationPipelineName": "Base-Orchestration-Kick-off-Database-Activity-Pipeline",
            "ActivityPipelineName": "Activity-ODS-ODS-Copy-Pipeline",
            "InputValues": {
                "PackageName": "LoadCharacteristicValueTexts",
                "DataSource": "Skyworks_ODS",
                "SourceSchema": "sap",
                "SourceTable": "ZV_CAWN_DATA",
                "FullLoadIngestQuery": "Select [ATINN],[ATWRT],[ATFLV],[ATFLB],[ATWTB],[ATNAM],[SPRAS] from sap.ZV_CAWN_DATA where SPRAS ='E'",
                "DeltaLoadIngestQuery": "Select [ATINN],[ATWRT],[ATFLV],[ATFLB],[ATWTB],[ATNAM],[SPRAS] from sap.ZV_CAWN_DATA where SPRAS ='E'",
                "PreCopyScript": "TRUNCATE table dbo.TempCharacteristicValueTexts",
                "TargetSchema": "dbo",
                "TargetTable": "TempCharacteristicValueTexts",
                "AuditSourceTable": "",
                "AuditDestinationTable": "",
                "PreProcessing": {},
                "PostProcessing": {
                    "Procedures": [
                        {
                            "StoredProcedureSchema": "md",
                            "StoredProcedureName": "udpCharacteristicValueTexts_MergeFromTemp"
                        }
                    ]
                }
            }
        }
    ]
}