{
    "Pipeline": [
        {
            "OrchestrationPipelineName": "Base-Orchestration-Kick-off-Database-Activity-Pipeline",
            "ActivityPipelineName": "Activity-ODS-ODS-Copy-Pipeline",
            "InputValues": {
                "PackageName": "LoadCharacteristicValue",
                "DataSource": "Skyworks_ODS",
                "SourceSchema": "sap",
                "SourceTable": "ZV_MD_CHAR_VALUE",
                "FullLoadIngestQuery": "select[MANDT],[OBJEK],[ATINN],[ATZHL],[MAFID],[KLART],[ADZHL],[ATWRT],[ATFLV],[ATAWE],[ATFLB],[ATAW1],[ATCOD],[ATTLV],[ATTLB],[ATPRZ],[ATINC],[ATAUT],[AENNR],[DATUV],[LKENZ],[ATIMB],[ATZIS],[ATSRT],[ATVGLART] from sap.ZV_MD_CHAR_VALUE where KLART ='001'",
                "DeltaLoadIngestQuery": "select[MANDT],[OBJEK],[ATINN],[ATZHL],[MAFID],[KLART],[ADZHL],[ATWRT],[ATFLV],[ATAWE],[ATFLB],[ATAW1],[ATCOD],[ATTLV],[ATTLB],[ATPRZ],[ATINC],[ATAUT],[AENNR],[DATUV],[LKENZ],[ATIMB],[ATZIS],[ATSRT],[ATVGLART] from sap.ZV_MD_CHAR_VALUE where KLART ='001'",
                "PreCopyScript": "TRUNCATE TABLE mdsap.CharacteristicValue",
                "TargetSchema": "mdsap",
                "TargetTable": "CharacteristicValue",
                "AuditSourceTable": "AUSP",
                "AuditDestinationTable": "TempCharacteristicValue",
                "PreProcessing": {
                    "Procedures": [
                        {
                            "StoredProcedureSchema": "dbo",
                            "StoredProcedureName": "udpTransferControl_Simple_GetDateRange"
                        }
                    ]
                },
                "PostProcessing": {
                    "Procedures": [
                        {
                            "StoredProcedureSchema": "md",
                            "StoredProcedureName": "udpCharacteristicValue_MergeFromTemp"
                        },
                        {
                            "StoredProcedureSchema": "md",
                            "StoredProcedureName": "udpMaterialClassification_Update"
                        },
                        {
                            "StoredProcedureSchema": "md",
                            "StoredProcedureName": "udpCharacteristicValue_UpdateStatus"
                        },
                        {
                            "StoredProcedureSchema": "dbo",
                            "StoredProcedureName": "udpTransferControl_Simple_AddRecord"
                        }
                    ]
                }
            }
        }
    ]
}