{
    "Pipeline": [
        {
            "OrchestrationPipelineName": "Base-Orchestration-Kick-off-Database-Activity-Pipeline",
            "ActivityPipelineName": "Activity-ODS-ODS-Copy-Pipeline",
            "InputValues": {
                "PackageName": "LoadMaterialNames",
                "DataSource": "Skyworks_ODS",
                "SourceSchema": "sap",
                "SourceTable": "ZV_MD_MARA_MAKT",
                "FullLoadIngestQuery": "select [MANDT],[MATNR],[SPRAS],[MAKTX],[MAKTG] from sap.ZV_MD_MARA_MAKT where SPRAS = 'EN' ",
                "DeltaLoadIngestQuery": "select [MANDT],[MATNR],[SPRAS],[MAKTX],[MAKTG] from sap.ZV_MD_MARA_MAKT where SPRAS = 'EN' ",
                "PreCopyScript": "Truncate TABLE md.TempMaterialNames",
                "TargetSchema": "md",
                "TargetTable": "TempMaterialNames",
                "AuditSourceTable": "MAKT",
                "AuditDestinationTable": "MaterialNames",
                "PreProcessing": {
                    "Procedures": [
                        {
                            "StoredProcedureSchema": "dbo",
                            "StoredProcedureName": "udpTransferControl_Simple_GetDateRange"
                        }
                    ]
                },
                "PostProcessing": {
                    "Procedures": [
                        {
                            "StoredProcedureSchema": "md",
                            "StoredProcedureName": "udpMaterialNames_Update"
                        },
                        {
                            "StoredProcedureSchema": "dbo",
                            "StoredProcedureName": "udpTransferControl_Simple_AddRecord"
                        }
                    ]
                }
            }
        }
    ]
}