{
	"name": "Azure_SQL_DB_ODS_Dataset",
	"properties": {
		"linkedServiceName": {
			"referenceName": "SQL_Skyworks_ODS",
			"type": "LinkedServiceReference"
		},
		"parameters": {
			"SchemaName": {
				"type": "string"
			},
			"TableName": {
				"type": "string"
			}
		},
		"annotations": [],
		"type": "AzureSqlMITable",
		"schema": [],
		"typeProperties": {
			"schema": {
				"value": "@dataset().SchemaName",
				"type": "Expression"
			},
			"table": {
				"value": "@dataset().TableName",
				"type": "Expression"
			}
		}
	},
	"type": "Microsoft.DataFactory/factories/datasets"
}