{
	"name": "Config_Blob_Dataset",
	"properties": {
		"linkedServiceName": {
			"referenceName": "STG_EntConfig",
			"type": "LinkedServiceReference"
		},
		"parameters": {
			"FilePath": {
				"type": "string"
			},
			"FileName": {
				"type": "string"
			},
			"ContainerName": {
				"type": "string"
			}
		},
		"annotations": [],
		"type": "Json",
		"typeProperties": {
			"location": {
				"type": "AzureBlobStorageLocation",
				"fileName": {
					"value": "@dataset().FileName",
					"type": "Expression"
				},
				"folderPath": {
					"value": "@dataset().FilePath",
					"type": "Expression"
				},
				"container": {
					"value": "@dataset().ContainerName",
					"type": "Expression"
				}
			}
		},
		"schema": {}
	},
	"type": "Microsoft.DataFactory/factories/datasets"
}