{
	"name": "DataLake_Binary_Dataset",
	"properties": {
		"linkedServiceName": {
			"referenceName": "STG_EntData",
			"type": "LinkedServiceReference"
		},
		"parameters": {
			"ContainerName": {
				"type": "string"
			},
			"FilePath": {
				"type": "string"
			},
			"FileName": {
				"type": "string"
			}
		},
		"annotations": [],
		"type": "Binary",
		"typeProperties": {
			"location": {
				"type": "AzureBlobFSLocation",
				"fileName": {
					"value": "@dataset().FileName",
					"type": "Expression"
				},
				"folderPath": {
					"value": "@dataset().FilePath",
					"type": "Expression"
				},
				"fileSystem": {
					"value": "@dataset().ContainerName",
					"type": "Expression"
				}
			}
		}
	},
	"type": "Microsoft.DataFactory/factories/datasets"
}