{
	"name": "Http_Server_Dataset",
	"properties": {
		"linkedServiceName": {
			"referenceName": "HTTP_SKYWORKS_MEDIA",
			"type": "LinkedServiceReference"
		},
		"parameters": {
			"RelativeURL": {
				"type": "string"
			}
		},
		"annotations": [],
		"type": "Binary",
		"typeProperties": {
			"location": {
				"type": "HttpServerLocation",
				"relativeUrl": {
					"value": "@dataset().RelativeURL",
					"type": "Expression"
				}
			}
		}
	},
	"type": "Microsoft.DataFactory/factories/datasets"
}