{
    "Pipeline": [
        {
            "OrchestrationPipelineName": "Base-Orchestration-Horizon-IME-Pipeline",
            "ActivityPipelineName": "Activity-DataLake-DataLake-Copy-Pipeline",
            "DatabaseActivityPipelineName": "Activity-DataLake-AzureSQL-Copy-Pipeline",
            "EnhanceContainer": "enhance",
            "InputValues": {
                "SourceContainer": "skyworksdatalake",
                "DataSource": "xml",
                "SourceSchema": "media",
                "ModelTable": "ProductsPricingXml",
                "TargetContainer": "skyworksdatalake",
                "DataTarget": "enhance",
                "TargetSchema": "media",
                "EnhanceTable": "ProductDataSheetLink",
                "TableType": "Dim",
                "SchemaName": "sdpricingrss",
                "TempTableType": "temp",
                "TempSchemaName": "sdpricingrss",
                "TempTargetTable": "TempProductDataSheetLink",
                "AuditSourceTable": "",
                "AuditDestinationTable": "",
                "KeyColumns": "Title",
                "NonKeyColumns": "ProductUrl-DataSheets-DataSheets-EVBImageURL-Images",
                "SurrogateKeyColumn": "",
                "PreCopyScript": "Truncate table sdpricingrss.TempProductDataSheetLink",
                "PreProcessing": {},
                "PostProcessing": {
                    "Procedures": [
                        {
                            "StoredProcedureSchema": "sd",
                            "StoredProcedureName": "udpProductDataSheetLink_CopyFromTemp"
                        },
                        {
                            "StoredProcedureSchema": "sd",
                            "StoredProcedureName": "udpProductDataSheetLink_MergeFromTemp"
                        }
                    ]
                }
            }
        }
    ]
}